Rooms,Size,ExternalView,Floor,Balconies,Attic,Elevator,Bathrooms,Neighbourhood,Price
2,87,1,10,0,0,1,1,3,87401
1,71,1,6,0,0,1,1,2,65378
1,69,1,3,0,1,1,2,5,65900
5,153,1,4,0,0,1,3,2,177240
1,74,1,9,0,0,1,1,2,67881
5,158,0,3,0,2,0,2,4,185987
4,136,0,8,0,0,0,2,1,163124
1,77,0,9,0,0,0,1,1,72806
3,108,0,2,1,0,0,2,3,112604
2,103,0,1,0,1,0,2,4,93349
5,163,0,7,0,0,0,2,3,177286
1,86,0,10,0,0,0,2,3,64495
3,108,0,2,1,0,0,1,1,133056
1,68,0,8,0,0,0,2,3,58534
5,154,0,7,0,2,0,3,4,185600
2,100,1,5,0,2,1,1,3,98103
2,93,1,10,0,0,1,2,4,95429
2,94,1,2,0,1,1,2,1,112423
5,152,1,7,0,1,1,3,1,186157
2,104,1,6,0,1,1,2,5,99971
2,102,1,5,0,1,1,2,5,100973
3,118,1,0,0,2,1,2,4,126987
1,73,1,0,0,0,1,1,1,73893
5,164,1,8,0,1,1,1,3,191689
3,112,1,10,1,2,1,2,3,127872
5,148,1,3,0,1,1,2,5,171428
2,95,1,7,1,2,1,2,4,99442
5,150,1,3,1,2,1,2,1,197059
3,116,0,10,0,1,0,2,4,116085
3,120,0,10,0,2,0,1,5,128011
2,96,0,8,0,0,0,1,2,94291
3,108,0,2,0,0,0,2,4,116332
1,69,0,7,0,0,0,1,3,55808
1,84,0,0,0,1,0,2,2,70912
1,71,0,6,0,0,0,1,5,57866
4,146,0,5,0,0,0,2,3,146602
2,97,0,1,0,0,0,1,2,91035
2,88,0,3,0,0,0,2,4,83992
2,87,0,5,0,0,0,1,1,91241
1,77,0,4,0,1,0,1,5,61677
3,116,1,8,0,1,1,1,3,125437
3,117,1,8,0,1,1,2,2,131275
1,66,1,1,0,0,1,1,1,77548
3,119,1,4,0,1,0,2,5,117113
4,134,0,2,0,2,0,3,3,148159
3,114,0,4,0,0,0,1,1,120224
1,66,0,3,0,0,0,1,1,64583
3,116,0,2,0,0,0,2,5,120482
1,76,0,4,0,0,0,1,4,60417
5,156,0,10,1,1,0,2,5,178632
5,170,1,6,0,1,1,3,5,195700
3,106,1,10,0,0,1,1,3,117657
1,77,1,7,0,1,1,1,1,78102
2,97,1,10,0,0,1,2,5,93573
2,95,1,8,0,1,1,2,4,95422
4,148,1,5,0,0,1,3,5,163683
1,77,1,4,0,0,1,1,5,66096
2,102,1,0,0,1,1,1,1,114634
1,76,1,2,0,2,1,2,5,71234
5,164,0,5,1,0,0,3,4,173593
3,127,0,0,0,0,0,2,4,122614
1,71,0,5,1,2,0,1,2,68158
3,113,0,3,0,0,0,1,5,117256
4,134,0,4,0,0,0,1,4,144289
4,137,0,1,0,0,0,3,5,151141
4,129,0,1,0,0,0,1,2,146625
5,155,0,6,0,2,0,2,2,188975
1,79,1,0,1,0,1,1,5,67287
1,88,1,0,0,1,1,2,5,74400
1,80,1,2,0,0,1,2,2,71659
2,100,1,7,0,1,1,2,5,96171
3,114,1,2,0,2,1,2,1,135595
1,84,1,10,0,0,1,1,5,68426
4,148,1,10,1,0,1,3,4,153971
3,109,1,10,0,1,1,2,5,126974
4,144,1,5,0,0,1,3,4,155295
1,87,1,10,0,1,1,2,4,73143
5,150,1,1,0,0,1,1,2,183489
4,134,0,3,0,1,0,2,4,145542
1,68,0,1,0,1,0,1,5,57284
4,144,0,5,0,1,0,3,4,150385
4,139,0,6,0,1,0,3,3,152352
3,114,0,8,0,0,0,2,1,128983
5,166,0,2,0,0,0,2,3,178184
4,139,0,0,0,1,0,1,3,154495
1,83,0,0,0,0,0,1,2,68988
3,114,0,2,0,1,0,1,3,114944
1,79,0,10,0,1,0,2,2,69107
4,144,0,0,0,0,0,1,4,144416
1,74,0,5,0,0,0,2,3,58667
2,91,0,0,0,1,0,1,1,103207
4,127,0,3,0,0,0,1,5,141935
3,122,0,7,0,2,0,2,5,126131
4,135,0,10,0,0,0,1,1,157171
2,105,1,9,0,0,1,2,1,116305
4,145,1,9,0,0,1,3,3,161923
2,103,1,1,0,2,1,1,3,102047
4,137,1,0,0,1,1,3,4,152010
1,77,1,9,0,0,1,1,5,66341
4,138,1,7,0,0,1,3,1,175427
3,108,1,3,1,1,1,2,1,129705
3,104,1,5,0,0,1,1,1,123965
4,131,1,5,0,0,1,1,1,155886
5,145,1,6,0,0,1,1,5,178011
4,146,1,0,0,1,1,3,3,161404
3,120,1,7,0,0,1,2,4,126264
5,154,1,1,0,2,1,1,2,183154
1,72,1,7,0,0,1,1,2,68273
4,147,1,8,0,1,1,2,4,160265
2,93,1,10,1,2,1,2,2,100374
1,69,1,10,0,0,1,1,2,66312
1,70,1,7,0,0,0,1,5,55519
3,108,0,9,0,0,0,1,5,117132
5,153,0,3,1,0,0,2,3,171757
3,121,0,10,0,1,0,2,5,123568
5,158,0,10,0,1,0,3,2,187211
1,66,0,9,0,1,0,1,5,58656
2,97,0,0,0,0,0,2,5,90302
4,133,0,7,0,1,0,2,1,165994
5,156,0,2,0,0,0,3,4,177388
3,119,0,3,0,0,0,2,1,125490
4,145,0,8,0,0,0,3,2,161399
1,87,0,3,0,0,0,2,5,65860
2,91,0,10,0,0,0,1,2,93624
4,140,0,3,0,1,0,2,5,149456
4,134,0,7,0,0,0,3,5,143633
1,70,0,6,0,2,0,1,1,78563
5,161,0,0,0,1,0,1,4,179659
5,153,0,5,0,0,0,1,3,177110
5,159,1,3,0,0,1,1,4,181278
3,126,1,3,0,0,1,2,4,128387
3,109,1,8,0,1,1,2,4,122960
1,81,1,0,0,0,1,2,1,86676
1,76,1,6,0,0,1,2,4,67802
4,140,1,6,0,0,1,2,2,158823
5,164,1,9,0,1,1,3,1,204226
1,86,1,5,1,2,1,2,1,88285
5,163,1,7,0,1,1,3,2,184527
3,112,1,3,0,0,1,1,2,120124
4,143,1,8,0,0,1,3,3,156274
3,127,1,1,0,0,1,2,1,136765
2,95,1,5,0,1,1,1,5,97118
4,128,1,5,0,0,1,2,5,148585
2,98,1,5,0,1,1,2,1,112470
1,80,1,9,0,0,1,2,5,70183
2,104,1,10,0,0,1,1,3,101606
1,67,0,2,0,0,0,1,5,54259
2,101,0,4,0,0,0,1,4,88068
2,104,0,6,0,0,0,1,5,90250
3,110,0,0,0,0,0,2,5,116795
2,90,0,9,0,1,0,2,2,94107
2,94,0,1,0,1,0,1,2,93805
5,167,0,8,0,1,0,3,1,194626
2,88,0,0,0,1,0,1,1,92397
5,158,0,7,0,0,0,3,4,170769
4,126,0,2,1,0,0,1,3,141845
3,109,0,1,0,1,0,2,1,120114
3,120,0,6,0,0,0,1,3,119217
3,125,0,1,0,0,0,2,5,121802
1,87,0,3,0,0,0,2,3,64584
1,86,0,4,1,1,0,2,3,69630
3,111,0,4,0,0,0,2,4,110042
3,108,0,4,0,1,0,1,1,121813
4,142,1,2,0,1,1,2,3,154623
5,165,1,5,0,0,1,2,2,189638
4,139,1,0,0,1,1,2,2,157755
2,103,1,3,0,0,1,1,3,94533
2,85,1,6,0,1,1,1,5,91193
2,101,1,5,0,2,1,2,5,105251
4,128,1,6,0,1,1,2,5,153239
3,121,1,6,0,0,1,2,5,128888
5,155,1,4,0,0,1,2,4,178172
2,89,1,4,0,0,1,1,5,90069
4,146,1,6,0,0,1,3,1,181107
2,94,1,1,0,0,1,2,2,101253
5,160,1,1,0,1,1,2,5,183952
3,111,1,10,0,1,1,1,4,119260
1,72,1,10,0,0,1,2,3,65051
1,65,1,7,0,0,1,1,3,61509
1,79,1,7,0,1,1,1,2,74217
4,124,0,4,0,0,0,1,4,144573
1,70,0,2,0,2,0,1,4,64471
5,155,0,6,0,1,0,1,2,184424
2,106,0,9,0,0,0,2,4,94789
2,107,0,3,0,0,0,2,1,105805
1,68,0,2,0,0,0,1,5,53958
5,164,0,3,0,0,0,3,1,189043
5,154,0,6,0,1,0,1,2,179280
4,133,0,4,0,0,0,2,5,140189
1,69,0,6,0,0,0,2,3,57705
2,84,0,7,0,0,0,1,1,90990
3,104,0,4,1,0,0,1,4,109333
2,87,0,6,0,0,0,1,5,82800
3,117,0,0,0,0,0,1,2,119468
1,75,0,3,0,0,0,2,2,65999
4,132,0,7,0,0,0,3,3,147363
1,73,0,1,0,0,0,2,3,59655
3,107,0,6,0,1,0,1,2,124193
3,119,0,1,0,2,0,1,5,121573
1,72,0,2,1,0,0,2,5,57209
5,148,0,3,0,0,0,2,5,170347
4,141,0,10,0,0,0,1,4,149815
1,68,0,6,0,1,0,1,5,58042
5,171,0,9,0,0,0,3,1,197422
4,143,0,4,0,1,0,1,3,152410
1,78,0,9,0,1,0,1,5,63991
4,133,0,6,0,0,0,2,1,151326
1,80,0,6,0,1,0,1,3,62624
1,75,0,0,0,1,0,1,1,72714
5,162,0,4,0,0,0,1,1,192955
3,104,0,10,0,0,0,1,1,122880
3,117,0,3,0,0,0,2,5,120109
2,95,0,8,0,2,0,2,1,102915
4,146,0,4,0,0,0,2,5,145586
1,71,1,2,1,2,1,2,2,75592
4,129,1,2,0,0,1,2,5,151794
2,107,1,2,0,0,1,2,4,99020
5,153,1,10,0,0,1,3,5,173515
3,112,1,10,0,0,1,1,4,119555
1,67,1,4,0,0,1,1,5,60793
5,159,1,8,0,0,1,1,4,188541
3,107,1,1,0,1,1,1,4,120991
5,162,1,2,0,2,1,3,3,193266
1,80,1,0,0,1,1,1,2,76720
3,121,1,1,0,0,1,2,4,126439
2,91,1,5,0,0,1,1,3,93217
3,111,1,0,0,1,1,2,5,119567
5,145,1,4,0,2,1,1,2,178381
3,116,1,5,0,1,1,2,1,144108
2,103,1,10,0,1,1,1,2,103662
2,88,1,7,1,0,1,1,1,102678
1,78,0,10,0,1,0,1,2,66916
4,136,0,3,0,1,0,3,3,154045
3,119,0,3,0,0,0,2,3,114799
1,75,0,8,0,0,0,1,2,65084
4,137,0,4,0,1,0,2,2,149098
5,168,0,5,0,0,0,2,1,197039
3,120,0,1,0,2,0,2,1,140174
5,150,0,9,0,1,0,2,4,171486
1,66,0,6,0,0,0,1,5,53022
3,119,0,2,0,2,0,1,3,122254
5,145,0,2,0,0,0,1,2,171332
1,82,0,5,1,0,0,2,1,77409
1,79,0,1,0,2,0,1,3,67094
5,169,0,1,0,1,0,3,3,187728
4,132,0,9,0,0,0,2,3,140000
5,148,0,2,0,1,0,1,1,188641
3,122,0,5,0,0,0,1,5,119718
5,152,0,1,0,0,1,3,5,180290
3,122,1,4,0,0,1,1,4,127975
4,135,1,10,0,1,1,2,2,154739
3,110,1,4,0,1,1,1,4,125189
5,160,1,2,0,0,1,1,5,182021
3,113,1,7,0,0,1,1,3,116268
5,167,1,9,0,0,1,3,1,208070
3,111,1,10,0,0,1,1,1,138409
3,113,1,5,0,1,1,2,5,121897
3,105,1,6,0,0,1,1,3,120383
3,109,1,0,0,1,1,1,3,125051
5,153,1,1,0,1,1,3,2,187316
2,95,1,9,0,1,1,1,3,98099
5,149,1,5,0,0,1,1,3,175814
2,93,1,0,0,0,1,2,1,113617
3,117,1,8,0,0,1,1,5,125927
5,157,1,2,0,2,1,2,4,187036
3,124,1,0,0,0,0,2,5,120002
5,154,0,8,1,0,0,1,2,180683
2,90,0,7,1,0,0,2,3,83863
2,96,0,10,0,0,0,2,3,90278
3,112,0,6,1,1,0,2,5,120532
3,115,1,4,0,0,1,2,2,123498
5,160,1,2,0,0,1,1,2,183618
5,161,1,9,0,1,1,1,3,191414
3,110,1,8,0,0,1,1,4,122379
5,154,1,6,0,1,1,3,2,193695
5,170,1,4,0,0,1,3,4,190109
1,77,1,8,0,2,1,1,5,71005
5,157,1,6,0,1,1,3,2,182119
1,72,1,5,0,1,0,1,1,76469
2,88,0,5,0,1,0,1,3,87367
4,133,0,2,0,0,0,1,1,159322
3,112,0,5,0,0,0,1,4,118506
3,104,0,6,0,1,1,1,5,120711
4,142,1,3,1,1,1,3,3,160621
3,127,1,6,0,1,1,2,4,129749
5,148,1,5,1,0,1,2,2,183725
2,90,1,6,0,1,1,2,1,108881
1,80,0,0,0,2,0,1,5,68223
3,107,0,9,0,0,0,1,3,111259
3,106,0,1,0,0,0,1,4,114888
5,165,0,7,0,1,0,2,4,182074
1,73,0,6,0,1,0,2,1,74507
5,171,0,8,0,0,0,3,4,181694
2,98,0,7,0,1,0,2,1,108261
4,145,0,1,0,2,0,3,5,160640
4,134,0,9,0,0,1,2,3,150920
5,157,1,3,0,0,1,1,4,186478
5,162,1,2,0,1,1,3,1,195063
4,142,1,6,0,1,1,3,5,153715
3,128,1,5,1,0,1,2,2,131469
1,88,1,1,1,1,1,2,2,80756
3,113,1,1,1,0,1,1,3,116420
5,159,1,0,1,2,1,1,2,196115
5,154,1,9,0,1,1,1,3,180804
1,86,1,8,0,0,1,2,3,71645
2,100,1,1,0,0,1,1,4,97518
4,135,1,8,0,0,1,1,5,147367
3,111,1,4,0,0,1,1,4,121737
4,124,0,3,0,0,0,1,3,144406
3,105,0,3,0,2,0,1,1,132130
2,88,0,2,0,0,0,2,2,90162
3,110,0,4,0,0,0,1,3,115845
1,68,0,8,0,1,0,1,3,57769
4,145,0,9,0,1,0,3,5,154166
5,171,0,1,0,2,0,3,2,189446
4,135,0,8,0,0,0,2,3,146016
1,77,0,4,0,0,0,2,4,60876
2,98,0,7,0,0,0,2,3,88629
5,157,0,9,0,1,0,3,3,183019
3,123,0,1,0,2,0,1,4,126629
4,139,0,8,1,0,0,1,3,140571
3,118,0,1,0,0,0,2,3,115590
4,141,0,5,0,0,0,3,3,152393
1,70,0,2,0,2,0,1,5,63211
5,158,0,0,0,1,0,2,4,179196
3,110,1,8,0,2,1,2,3,127853
4,134,1,1,1,0,1,2,1,164334
5,155,1,6,1,1,1,1,1,191556
4,142,1,8,0,0,1,3,3,158127
4,138,1,9,0,1,1,2,5,149990
2,96,1,4,1,0,1,1,1,108726
2,106,1,10,0,1,1,2,3,102764
1,67,1,4,1,0,1,1,2,66263
2,104,1,1,0,1,1,1,5,102708
2,94,1,4,0,1,1,2,5,94358
2,98,1,4,0,1,1,1,2,99358
2,101,1,9,1,0,1,2,1,114032
4,147,1,3,0,0,1,2,1,165735
1,86,1,10,0,1,1,2,3,75229
5,163,1,6,0,1,1,2,2,189229
1,72,1,3,1,1,1,2,3,67478
1,69,1,10,0,1,1,2,2,69545
1,78,1,7,1,1,1,2,5,69729
5,156,1,8,0,1,1,3,5,190733
1,69,1,0,0,0,1,2,1,77354
2,91,1,9,0,0,1,2,3,93853
2,86,1,7,0,2,1,1,4,93146
2,91,1,3,0,2,1,1,5,99446
4,143,1,7,0,1,1,3,5,155295
2,96,1,8,0,2,1,2,5,101831
4,144,1,8,1,2,1,3,5,166612
4,144,1,5,0,0,1,1,5,149855
4,143,1,8,0,0,1,2,2,155718
1,72,1,6,1,0,1,2,2,67841
5,155,1,4,0,0,1,3,5,180025
4,147,1,8,0,1,1,2,4,157623
1,66,1,0,0,0,1,1,5,61399
1,85,1,7,1,0,1,2,2,74488
4,133,1,3,0,1,1,3,1,173807
3,121,1,2,0,1,1,1,2,136367
4,152,1,1,0,0,1,3,4,163351
3,116,0,7,0,0,0,1,4,113449
3,109,0,8,0,1,0,2,1,122644
5,153,0,9,0,1,0,1,2,181381
3,114,0,5,0,0,0,2,4,120708
3,107,0,9,0,2,0,1,3,114188
2,98,0,4,0,1,0,2,4,92956
5,153,0,2,0,0,0,1,3,168023
3,123,0,1,0,0,0,1,4,119696
5,172,0,6,0,1,0,3,3,194154
3,125,0,3,0,2,0,2,1,142571
1,80,0,3,0,1,0,2,1,81810
5,161,0,8,1,1,0,1,4,185454
4,127,0,10,0,0,0,1,4,138967
2,89,0,3,0,1,0,2,2,94644
4,143,1,4,0,0,1,3,4,162784
2,105,1,2,0,1,1,2,3,101387
2,90,1,2,0,0,1,2,2,99010
3,109,1,0,0,1,1,1,1,131301
1,88,1,0,0,0,1,2,1,80994
3,106,1,10,0,2,1,1,2,125087
1,74,1,10,0,2,1,1,5,68457
4,136,1,5,0,1,1,2,5,155256
4,144,1,7,0,1,1,2,2,166388
4,137,1,5,0,0,1,1,4,154053
1,79,1,7,0,0,1,1,3,66500
5,168,1,0,0,1,1,2,1,204031
2,90,1,2,1,0,1,1,2,97270
1,69,1,9,0,1,1,1,2,67133
4,138,1,0,0,0,1,1,2,159756
4,135,0,3,0,0,0,1,5,147696
3,125,0,0,0,2,0,2,5,130791
3,113,0,9,1,0,0,1,2,120112
1,83,0,3,1,1,0,1,1,79614
4,145,0,10,0,1,0,2,1,169315
3,108,0,9,0,2,0,2,3,115042
3,116,0,4,0,0,0,1,1,129561
5,163,0,2,1,1,0,1,3,177116
4,126,0,4,0,0,0,1,5,139891
5,153,0,0,0,2,0,2,4,171816
2,101,0,2,0,0,0,2,1,100716
4,134,1,9,0,0,1,3,4,157984
2,91,1,8,0,0,1,2,4,93207
2,91,1,10,1,1,1,1,3,94967
2,104,1,9,0,2,1,1,2,107055
2,98,1,7,1,0,1,1,2,101326
2,100,1,0,1,0,1,2,1,115369
3,122,1,6,1,0,1,2,5,122984
5,149,1,1,0,1,1,2,1,182742
2,94,1,7,0,1,1,1,2,102595
3,112,1,5,0,0,1,1,4,119065
2,104,1,1,0,1,1,1,3,101627
4,137,1,6,0,2,1,1,5,151760
2,90,0,8,0,0,0,2,1,96099
5,152,0,5,0,0,0,2,1,181656
2,88,0,4,0,2,0,2,1,107462
2,96,0,6,1,1,0,1,4,91003
2,87,0,8,1,0,0,1,4,80685
5,161,0,1,0,0,0,3,2,178326
1,81,0,8,0,0,0,2,3,64363
4,132,0,4,1,0,0,3,2,145878
1,84,0,0,0,0,0,1,5,62950
5,149,0,1,0,0,0,1,1,176260
2,97,0,9,0,0,0,2,4,86060
5,160,1,10,0,0,1,2,5,185768
4,128,1,6,0,0,1,1,4,147892
4,131,1,4,0,1,1,1,2,150446
4,134,1,2,0,2,1,2,1,162247
4,138,1,5,0,0,1,3,2,152662
5,158,1,6,0,0,1,2,4,185643
4,127,1,5,0,0,1,1,5,140604
3,116,1,0,0,1,1,2,1,134667
2,106,1,8,0,0,1,2,2,103910
2,108,1,7,0,0,1,2,3,98727
5,163,1,0,0,1,1,1,1,207542
4,141,0,8,0,0,0,2,4,146880
1,82,0,5,0,1,0,2,1,78209
3,117,0,3,0,0,0,1,1,128070
3,118,0,7,0,0,0,2,5,117936
5,148,0,7,0,1,0,1,1,193401
4,132,0,4,0,1,0,2,2,147258
5,153,0,5,0,0,0,1,4,175864
5,172,0,1,0,0,0,3,4,182000
1,88,0,7,0,1,0,2,2,74109
4,139,0,8,0,0,0,1,3,149067
3,109,0,0,0,1,0,2,5,112723
1,87,0,7,1,2,0,2,1,81636
4,144,0,3,1,0,0,2,2,155159
5,167,1,3,0,2,1,2,5,185398
3,120,1,10,0,0,1,1,4,127076
2,101,1,4,0,1,1,1,4,100576
4,137,1,2,0,2,1,2,3,159622
4,129,1,4,0,2,1,2,1,164103
5,168,1,6,0,0,1,3,1,205010
5,158,1,7,0,0,1,1,2,187885
4,135,1,2,0,1,1,3,2,161595
1,81,1,5,0,1,1,1,3,71393
2,96,1,5,0,0,1,2,3,92534
4,125,1,3,1,2,1,1,1,159266
5,161,1,5,0,0,1,3,4,180074
3,113,1,5,0,2,1,2,3,123926
5,161,0,10,0,2,0,2,1,193333
1,72,0,2,0,1,0,2,5,60025
3,114,0,3,1,0,0,2,2,121700
5,157,0,2,0,0,0,1,3,171852
4,139,0,2,0,1,0,3,2,154488
1,81,0,4,0,0,0,2,2,66552
3,125,0,9,0,0,0,2,4,119854
2,103,0,9,1,0,0,1,4,88287
1,76,0,8,0,0,0,2,4,60962
1,79,0,1,0,0,0,1,5,60651
5,153,0,7,0,2,0,3,1,195146
1,71,0,5,0,1,0,2,5,61663
4,130,0,10,0,0,0,1,4,146129
3,107,0,6,0,0,1,1,3,119996
1,85,1,2,0,0,1,2,4,70147
1,77,1,4,0,1,1,2,3,70335
4,140,1,3,0,0,1,1,2,159085
5,148,1,3,0,2,1,2,3,184691
4,141,1,3,0,0,1,3,1,160272
1,78,1,6,0,0,1,1,2,72973
2,103,1,3,1,0,1,1,5,95339
3,108,1,3,0,0,1,2,5,118803
3,127,1,2,0,2,1,2,5,134579
3,119,1,5,0,0,1,2,1,131782
3,112,1,2,0,1,1,2,4,125764
3,118,1,8,1,1,1,1,3,128112
2,93,1,5,0,0,1,2,1,109138
2,95,0,1,0,1,0,1,3,89588
3,109,0,0,0,0,0,1,4,115008
2,90,0,5,0,2,0,2,3,89225
2,104,0,7,0,0,0,2,5,91260
3,108,0,6,0,0,0,2,5,111682
3,109,0,4,0,0,0,2,1,120792
4,142,0,8,0,1,0,3,5,156329
1,83,0,0,0,0,0,1,3,63861
3,123,0,1,0,0,0,1,1,124203
1,82,0,10,0,0,0,1,5,64486
3,122,0,4,0,0,0,1,5,123339
5,163,0,5,0,2,0,2,1,205376
3,105,0,5,0,0,0,1,4,111245
2,95,0,7,0,0,0,1,5,84304
4,140,1,4,0,0,1,1,1,170440
2,98,1,8,0,1,1,1,2,101480
2,98,1,1,0,0,1,1,1,104452
1,70,1,5,0,1,1,2,3,67769
3,107,1,2,0,1,1,1,3,122337
1,66,1,8,0,0,1,1,5,58766
3,115,1,6,0,0,1,2,4,124679
5,172,1,1,0,0,1,3,1,209093
3,104,1,10,0,0,1,1,2,120556
5,163,1,3,0,1,1,3,3,187307
4,147,1,9,1,0,1,3,3,159164
5,167,1,4,0,0,1,2,3,180944
4,136,1,7,0,0,1,1,4,156221
3,123,0,2,0,0,0,1,3,117135
1,82,0,0,0,0,0,1,5,60900
2,90,0,1,0,1,0,1,5,88093
2,91,0,2,0,2,0,2,1,104404
4,142,0,2,0,1,0,2,1,163611
5,160,0,9,0,0,0,3,3,170550
5,147,0,1,0,1,0,1,1,183491
5,168,0,7,1,0,0,3,1,198786
4,138,0,1,0,0,0,2,5,145149
2,93,0,5,0,1,0,2,3,90772
1,82,0,3,0,1,0,2,2,71863
5,163,0,1,0,2,0,1,3,181400
3,114,0,2,0,1,0,2,4,120500
1,74,0,8,1,0,1,1,1,76877
2,85,1,7,0,1,1,1,2,96866
5,169,1,0,0,2,1,3,3,193162
5,165,1,8,0,0,1,3,4,184946
1,74,1,6,0,0,1,1,1,76864
5,163,1,3,1,1,1,3,3,185381
2,85,1,2,0,1,1,1,1,100282
1,75,1,4,0,0,1,1,2,70656
4,132,1,6,0,1,1,1,3,156875
1,78,1,5,0,1,1,1,1,83761
2,90,1,4,0,0,1,2,3,91784
1,73,1,3,0,0,1,2,2,69018
5,158,0,3,0,0,0,1,4,171228
2,91,0,4,0,0,0,2,1,100755
1,70,0,8,0,0,0,2,1,67225
1,77,0,6,0,1,0,1,2,64941
3,121,0,8,0,0,0,2,4,121603
2,94,0,9,1,0,0,1,2,88837
4,131,0,5,0,1,0,1,1,160193
1,73,0,8,1,1,0,1,1,70635
4,134,0,7,0,0,0,1,3,148220
1,69,0,7,0,1,0,1,2,64138
2,105,0,4,0,0,0,2,5,94162
4,124,0,5,0,1,0,1,4,139369
3,109,0,3,0,0,0,2,1,130658
2,104,1,1,0,0,1,1,3,97058
2,90,1,3,1,0,1,2,2,94638
3,114,1,1,0,0,1,1,5,125153
3,115,1,9,0,0,1,2,3,123412
5,171,1,5,1,1,1,3,5,190802
5,154,1,3,0,0,1,1,5,170607
2,92,1,5,1,0,1,1,3,93666
4,141,1,5,0,1,1,3,5,151828
1,69,1,8,1,2,1,1,5,69359
5,157,1,8,0,0,1,1,2,186431
4,137,1,4,1,0,1,1,5,155456
3,118,1,2,0,0,1,2,3,122299
1,78,1,1,0,0,1,2,4,67951
4,132,0,3,0,1,0,3,3,148905
2,96,0,3,0,0,0,1,1,104409
3,108,0,7,0,1,0,1,4,117587
1,77,0,2,0,0,0,1,2,63267
1,82,0,9,0,0,0,2,1,74862
3,128,0,10,0,0,0,2,2,123386
3,114,0,2,0,1,0,1,3,118799
5,164,0,1,0,0,0,2,4,175335
2,105,0,1,0,1,0,2,4,93402
1,84,0,3,0,0,0,1,3,63152
2,101,0,3,0,0,1,1,3,93001
3,117,1,3,0,1,1,1,5,128937
5,156,1,6,0,0,1,1,2,182487
5,162,1,7,1,1,1,2,4,191531
4,132,1,7,0,0,1,3,1,158268
5,156,1,1,0,1,1,3,3,186243
5,156,1,4,0,0,1,2,2,177459
3,118,1,1,1,1,1,1,4,129478
3,122,1,3,0,0,1,2,3,125976
1,65,1,8,0,1,1,1,1,76503
4,146,1,0,0,1,1,3,3,161213
1,69,1,7,0,1,1,2,2,72861
1,76,1,1,0,1,1,2,2,75138
4,149,1,7,0,0,1,3,3,161727
2,97,0,3,0,1,0,1,3,91332
3,117,0,8,0,0,0,2,5,114460
3,110,0,1,0,1,0,1,3,118762
4,139,0,0,0,1,0,3,2,161305
3,119,0,2,0,2,0,2,2,128641
3,119,0,3,1,2,0,2,1,136118
3,112,0,1,0,1,0,2,2,120014
4,142,0,10,0,0,0,3,2,150711
2,97,0,2,0,1,0,2,2,94423
4,139,0,8,1,0,0,3,1,167212
5,163,0,0,0,1,0,3,3,180721
5,158,0,4,0,2,0,1,4,181239
5,155,0,3,0,1,0,1,4,176392
5,159,0,8,0,0,1,1,4,187712
4,140,1,10,0,2,1,1,1,167563
3,119,1,5,0,1,1,2,2,134139
1,83,1,5,1,0,1,2,4,70707
2,93,1,4,0,0,1,2,1,110135
2,91,1,8,0,0,1,1,3,91502
2,92,1,5,0,0,1,2,1,109027
3,126,1,1,0,2,1,2,1,141379
3,110,1,5,1,0,1,2,4,120113
4,131,1,2,0,0,1,2,2,156310
4,133,1,5,1,0,1,2,1,162203
3,123,1,3,0,1,1,1,2,133422
1,84,1,3,0,0,1,1,4,69631
4,141,1,4,0,1,1,3,1,162143
5,168,1,3,0,1,1,3,1,202618
3,110,1,0,0,1,1,2,2,126241
3,114,1,5,0,0,1,2,2,131455
4,138,1,10,0,0,1,2,2,160846
3,115,1,0,1,0,1,2,2,131888
3,116,0,6,0,0,0,1,4,119933
3,119,0,0,0,0,0,1,5,119350
4,147,0,7,0,1,0,3,3,151659
5,164,0,0,0,0,0,1,3,180323
2,88,0,0,0,0,0,2,2,88526
2,98,0,1,0,1,0,1,1,105587
1,76,0,4,0,2,0,2,4,65748
4,136,0,7,1,0,0,1,1,152391
3,117,0,5,0,1,0,1,4,119725
5,157,0,9,1,0,0,1,2,177969
5,147,0,2,0,0,0,1,5,173128
1,79,0,4,0,1,0,1,4,62143
2,91,0,4,0,0,0,1,3,83567
4,129,0,5,0,0,0,2,2,152409
4,134,0,10,1,1,0,2,1,160083
1,69,0,8,0,1,0,1,3,57386
1,77,0,0,0,0,0,1,5,58728
4,132,0,7,0,1,0,2,4,142755
1,76,0,0,0,1,0,1,5,61495
2,106,0,4,0,0,0,2,3,92773
1,72,0,6,0,1,0,2,1,71837
4,138,0,8,0,1,0,3,3,149483
5,151,0,10,0,1,0,2,5,173843
4,143,0,7,0,1,0,3,5,152714
3,117,0,3,0,1,0,1,5,116471
2,106,0,1,0,2,0,2,5,101585
5,150,0,5,0,1,0,1,3,180214
2,96,0,5,1,1,0,2,1,99296
4,149,0,1,0,1,0,3,1,167875
2,90,0,3,0,0,0,2,5,84082
3,120,0,5,1,0,0,2,2,128104
2,91,0,4,0,0,0,1,5,87586
2,98,0,0,0,0,0,2,5,91715
2,96,0,5,0,0,0,1,3,87044
3,115,0,9,0,1,0,2,3,124696
5,147,0,2,0,0,0,1,5,174924
5,160,0,8,0,1,0,1,2,185893
5,160,0,1,0,2,0,3,1,189739
5,160,1,1,0,1,1,1,3,187262
3,109,1,10,0,0,1,1,1,134130
2,93,1,7,1,0,1,1,1,110905
2,101,1,0,0,0,1,2,3,98311
1,84,1,2,0,1,1,1,1,81264
4,143,1,10,0,0,1,3,4,157845
2,90,1,3,0,1,1,1,4,96131
2,91,1,8,0,0,1,1,2,98369
1,71,1,1,0,0,1,1,1,72134
2,93,1,9,0,1,1,2,1,111023
2,84,1,1,0,0,1,1,1,98363
3,126,1,4,0,0,1,2,4,125885
5,157,1,2,0,0,1,3,4,178259
4,134,1,7,1,0,1,2,5,155036
1,79,1,10,1,0,1,2,5,66363
5,166,1,6,0,0,1,3,4,180459
4,137,1,7,1,1,1,1,3,158730
3,123,1,1,0,0,1,2,1,144187
2,105,1,7,0,0,1,2,3,101960
4,144,1,4,1,0,0,3,4,149755
5,168,0,6,0,1,0,3,2,183010
3,121,0,2,0,2,0,1,3,123507
3,115,0,1,0,1,0,1,2,126304
2,104,0,10,0,1,0,1,3,95875
4,135,0,1,1,0,0,2,5,144437
5,162,0,9,1,0,0,2,4,178739
1,82,0,2,0,0,0,1,4,62403
2,103,0,2,1,0,0,2,5,92047
4,130,0,1,0,0,0,2,2,147896
5,155,0,10,0,0,0,3,5,182383
1,83,0,8,0,2,0,1,3,68712
4,132,0,6,0,0,0,2,2,154864
5,169,0,3,0,0,0,3,1,189418
2,89,0,8,0,1,0,2,4,89042
1,80,0,1,1,0,0,2,2,65677
3,119,0,0,0,0,0,2,3,118246
1,79,0,7,0,0,0,1,3,62026
1,73,0,2,0,2,0,2,1,74040
4,149,0,9,0,0,1,3,2,169564
3,128,1,1,0,0,1,2,3,131406
5,154,1,2,0,2,1,1,4,184453
1,86,1,0,0,1,1,2,2,80183
5,158,1,9,0,0,1,1,4,181776
3,116,1,1,0,1,1,2,5,127159
2,95,1,3,0,0,1,1,1,101015
1,77,1,6,0,0,1,1,5,67046
3,115,1,6,0,1,1,1,1,136197
4,144,1,1,0,2,1,3,3,163358
2,88,1,6,0,1,1,1,2,97531
2,97,1,1,0,0,1,2,3,94204
4,136,1,2,0,0,1,1,4,150915
2,98,1,3,0,0,1,2,4,95163
2,103,1,9,0,0,1,2,2,100342
5,156,1,5,0,0,1,2,5,186572
5,172,1,0,0,1,1,3,1,203566
5,157,1,9,0,0,1,2,2,183846
3,123,1,9,0,0,1,2,2,131136
2,88,0,3,0,2,0,2,5,89275
2,84,0,4,0,0,0,1,5,85573
5,161,0,1,0,1,0,2,4,181413
4,144,0,3,0,0,0,3,1,154436
4,137,0,5,0,1,0,1,4,150221
2,102,0,0,0,0,0,1,2,91618
4,127,0,0,0,0,0,1,4,143758
3,120,0,5,0,0,0,1,1,138476
4,139,0,8,0,1,0,2,1,161838
4,132,0,7,0,0,0,3,5,147208
1,77,0,5,0,0,0,1,4,59008
5,150,0,4,0,1,0,1,1,185363
4,129,0,8,0,0,0,1,4,144444
2,88,0,3,0,2,0,1,4,90619
2,92,0,9,1,0,0,2,2,89995
4,145,1,10,0,0,1,2,5,157923
3,105,1,8,0,0,1,1,3,116722
4,147,1,0,0,0,1,2,2,159930
3,121,1,10,0,1,1,1,5,128615
1,84,1,3,0,1,1,1,3,71506
2,89,1,5,0,0,1,1,3,88849
4,129,1,5,0,0,1,2,3,152497
4,143,1,2,0,0,1,3,1,169356
1,84,1,3,0,0,1,2,4,72082
1,82,1,6,0,0,1,2,3,69860
1,70,1,10,0,1,1,2,3,65809
1,68,1,2,0,0,1,1,1,72997
2,104,1,6,0,2,1,2,2,108295
4,145,0,9,0,1,0,3,4,147792
2,85,0,6,0,0,0,1,2,84583
1,67,0,3,1,2,0,1,4,61780
1,71,0,8,0,2,0,1,3,62912
2,97,0,0,0,0,0,1,3,90721
2,93,0,9,1,0,0,2,4,85297
3,113,0,1,0,1,0,1,5,116544
5,154,0,5,0,1,0,2,5,168237
1,74,0,5,0,0,0,1,4,59475
5,150,0,0,0,1,0,1,4,175955
2,96,0,5,1,0,0,2,1,100994
2,88,0,2,1,0,0,2,1,94227
3,111,1,5,0,1,1,1,5,127597
1,75,1,2,0,0,1,2,2,69541
2,92,1,6,0,1,1,2,3,93629
3,117,1,1,0,0,1,1,4,124351
4,134,1,5,1,1,1,1,3,149969
3,106,1,6,1,2,1,1,3,125809
4,146,1,0,0,0,1,2,2,159037
2,108,1,6,0,1,1,2,4,101247
5,165,1,2,1,0,1,2,2,185510
1,78,1,4,0,0,1,2,1,77325
3,117,1,1,0,1,1,1,4,129816
1,85,1,7,0,0,1,2,1,85229
2,108,1,5,0,1,1,2,4,102975
4,147,0,3,0,0,0,3,2,152479
3,109,0,7,0,0,0,1,4,114200
2,103,0,0,0,1,0,2,5,97530
5,148,0,10,0,0,0,2,5,171274
3,121,0,2,1,0,0,2,1,128708
4,124,0,4,0,0,0,1,1,145236
2,104,0,2,0,1,0,2,2,100950
4,148,0,2,0,1,0,3,1,164484
4,143,0,1,0,1,0,3,1,161122
5,167,0,1,0,0,0,3,5,184848
4,136,0,4,0,2,0,2,5,157947
5,153,0,10,0,0,0,2,2,177727
5,168,0,0,1,1,0,2,3,189928
2,95,1,8,0,1,1,1,1,111121
3,105,1,9,1,1,1,1,4,123932
1,71,1,8,0,0,1,2,3,63612
5,152,1,1,0,2,1,2,2,179999
3,128,1,3,0,0,1,2,5,125657
2,104,1,3,0,0,1,1,3,95550
3,122,1,4,0,0,1,2,4,124167
4,140,1,10,0,1,1,3,4,157860
3,122,1,2,0,0,1,1,3,127367
4,140,1,4,0,1,1,3,5,155046
4,138,1,5,1,2,1,2,3,156025
5,153,1,2,0,0,1,3,5,179315
5,148,1,10,0,0,1,2,2,183858
5,153,0,6,0,1,0,3,3,178964
4,136,0,4,0,1,0,1,4,152519
5,164,0,1,0,0,0,2,5,179579
4,131,0,4,0,0,0,2,4,138580
1,67,0,1,1,0,0,1,2,58107
5,149,0,0,0,0,0,2,2,171819
2,88,0,4,0,2,0,2,5,91407
4,132,0,3,0,0,0,3,4,149437
2,89,0,1,1,1,0,2,3,87808
2,98,0,3,0,0,0,1,2,94346
4,142,0,3,0,0,0,3,3,149050
3,124,0,3,0,0,0,1,5,117531
4,131,0,0,0,1,0,1,5,143300
3,106,1,2,0,0,1,1,5,115288
4,137,1,3,0,1,1,1,1,162930
5,158,1,8,0,0,1,3,4,187596
2,84,1,4,0,2,1,1,1,112952
2,105,1,5,0,2,1,2,5,105968
2,103,1,6,0,2,1,2,2,107642
1,73,1,6,0,1,1,2,5,66949
2,87,1,1,0,0,1,1,5,87353
3,105,1,9,0,1,1,1,4,118232
2,108,1,8,0,1,1,2,4,102278
5,163,1,2,0,0,1,2,5,178121
5,153,1,5,0,1,1,1,5,178127
3,112,1,1,1,0,1,1,3,116141
2,92,0,1,0,1,0,2,1,104123
4,145,0,3,0,0,0,3,4,155219
3,126,0,8,0,1,0,2,5,125025
1,71,0,10,0,0,0,1,3,56985
2,99,0,2,1,0,0,1,3,92612
3,105,0,0,0,1,0,1,3,116893
4,143,0,7,0,1,0,2,2,158143
5,156,0,10,1,0,0,3,4,168485
1,71,0,6,0,1,0,1,3,58806
2,101,0,10,1,2,0,2,1,113809
2,86,0,0,1,0,0,1,5,83530
2,89,0,6,0,0,0,2,5,85127
4,145,0,1,0,1,0,2,1,161409
2,88,1,9,1,0,1,2,3,87909
2,107,1,6,0,0,1,2,4,99216
5,156,1,8,0,1,1,1,2,181451
3,117,1,10,0,1,1,1,1,135791
2,84,1,10,0,0,1,1,2,92275
5,164,1,0,0,1,1,3,5,182252
3,110,1,8,0,1,1,2,2,129638
3,124,1,2,0,0,1,2,2,130201
5,162,1,10,0,0,1,1,3,180270
1,70,1,2,0,1,1,1,1,79845
1,73,1,7,0,1,1,2,4,66246
3,105,1,7,0,1,1,1,2,119102
1,77,0,4,1,0,0,2,2,67849
3,118,0,0,0,0,0,2,5,119850
1,77,0,2,0,1,0,2,2,67260
1,82,0,6,0,0,0,2,3,63899
1,74,0,2,0,0,0,1,4,58478
5,147,0,3,0,0,0,1,2,176511
4,129,0,6,0,0,0,2,4,139700
5,163,0,1,0,2,0,3,2,183920
2,100,0,6,0,0,0,2,1,105897
4,137,0,9,0,0,0,2,3,149455
3,124,0,4,0,0,0,1,4,124255
3,118,0,5,0,0,0,1,4,115468
3,123,0,10,0,1,1,1,4,126309
3,112,1,4,0,1,1,1,3,124428
1,74,1,7,0,0,1,1,2,67890
3,124,1,0,0,0,1,1,5,128907
3,118,1,3,0,1,0,1,5,117972
2,95,0,0,0,0,0,1,5,85485
3,111,0,8,0,1,0,2,1,127760
2,95,0,2,0,0,0,2,5,88379
4,148,0,8,1,2,0,3,2,168709
4,126,0,6,0,0,0,1,4,136353
1,74,0,1,1,1,0,1,5,62557
2,87,0,4,1,0,0,1,5,83104
2,85,0,5,0,1,0,1,4,87086
3,118,0,8,0,0,0,2,2,126429
5,160,0,2,0,0,0,1,2,186415
1,68,0,3,0,0,0,2,1,70768
2,103,1,0,0,2,1,2,4,102950
2,98,1,7,0,1,1,2,5,99753
1,70,1,2,0,0,1,2,1,80852
3,118,1,2,1,0,1,1,5,128019
1,71,1,8,0,2,1,2,4,69302
1,76,1,2,1,0,1,1,3,66415
3,116,1,4,0,2,1,1,1,136842
5,158,1,5,0,0,1,1,5,180444
4,128,1,0,1,0,1,1,2,150125
2,100,1,7,0,0,1,1,5,98292
5,165,1,1,0,1,1,2,1,194582
1,84,1,7,0,0,1,2,4,70987
4,140,1,8,0,1,0,1,3,149946
1,75,0,6,1,0,0,1,4,58685
5,162,0,0,0,1,0,1,2,186568
2,92,0,8,0,0,0,2,3,90352
4,127,0,9,1,2,0,1,4,144085
1,84,0,7,0,1,0,2,3,67366
1,79,0,3,0,1,0,2,1,79927
1,88,0,3,0,1,0,2,1,84819
5,144,0,0,0,0,0,1,3,173056
1,68,0,3,1,0,0,2,5,55323
4,136,0,1,0,0,0,2,2,156850
2,98,0,2,1,2,0,1,2,99844
2,97,0,7,0,0,0,1,5,89244
3,123,1,9,0,0,1,1,2,126791
5,153,1,9,0,2,1,2,4,177682
4,140,1,2,0,0,1,1,1,167281
5,148,1,6,0,1,1,1,2,175989
5,168,1,0,0,0,1,2,4,187895
2,94,1,0,0,0,1,2,3,92668
1,75,1,8,0,0,1,1,3,65921
1,82,1,10,0,1,1,2,1,87936
5,172,1,2,0,1,1,3,3,197669
2,96,1,1,0,1,1,2,2,105089
4,145,1,1,0,2,1,3,5,157734
3,122,1,8,0,1,1,1,5,129410
3,124,0,0,0,0,0,1,3,116319
3,123,0,5,0,0,0,2,1,129865
4,132,0,8,0,1,0,1,3,146288
3,112,0,0,0,0,0,2,1,127068
1,81,0,6,0,0,0,1,5,62190
1,74,0,6,0,0,1,1,5,65966
1,82,1,2,0,1,1,2,2,75545
1,79,1,7,0,1,1,2,4,69756
4,133,1,4,0,1,1,2,2,159399
4,143,1,6,0,1,1,1,5,161073
2,95,1,0,0,2,1,2,2,105647
2,95,1,6,0,1,1,2,1,103589
1,70,1,9,0,0,1,2,1,76701
4,125,1,9,1,0,1,1,5,149899
5,162,1,1,0,0,1,2,2,192794
2,96,1,5,1,0,1,1,1,107213
5,157,0,1,0,1,0,2,1,195014
4,126,0,2,0,0,0,1,4,143896
1,74,0,3,1,1,0,1,3,61382
3,114,0,6,0,0,0,2,3,115476
3,124,0,6,1,2,0,1,4,124907
2,90,0,8,0,0,0,2,2,91750
2,84,0,4,0,0,0,1,5,84649
5,164,0,1,0,2,0,2,2,180807
3,116,0,6,0,1,0,1,1,130114
1,75,0,6,0,1,0,2,4,62418
1,71,0,10,0,0,0,1,2,61778
5,156,0,9,0,2,0,1,4,176875
3,124,0,7,0,1,0,1,2,123671
5,156,0,8,0,0,0,2,2,183324
4,141,0,10,0,2,0,1,5,157469
3,113,0,4,0,0,0,1,3,116633
1,69,0,5,0,0,0,1,5,56320
4,143,0,8,0,1,0,1,2,158716
5,157,0,1,0,0,0,1,3,178802
1,86,0,10,1,0,0,2,3,66136
1,70,0,9,0,1,0,2,4,59536
3,111,0,8,0,2,0,1,4,119498
5,150,0,9,0,1,0,1,1,196147
1,69,0,6,0,0,0,1,2,60784
4,133,0,8,0,0,0,2,4,139084
2,99,0,1,0,0,1,2,2,102565
2,100,1,5,0,0,1,2,4,96895
4,139,1,5,0,1,1,1,5,152394
5,154,1,5,0,0,1,1,3,170849
5,160,1,9,0,1,1,1,2,192598
5,158,1,6,0,0,1,3,2,186949
2,93,1,5,0,1,1,2,3,95021
3,107,1,1,0,0,1,1,4,112993
2,92,1,9,1,0,1,2,1,102717
1,85,1,9,0,1,1,2,3,71566
5,166,1,8,0,1,1,3,2,190310
4,149,1,7,0,0,1,3,4,155189
4,133,1,2,1,0,0,1,1,160040
2,97,0,7,0,0,0,1,5,86010
1,72,0,9,1,0,0,1,5,59107
5,151,0,9,0,0,0,1,4,177872
2,105,0,7,0,0,0,2,2,98337
2,92,0,3,0,1,0,1,2,96307
4,147,0,3,0,0,0,2,5,156538
1,71,0,7,0,0,0,1,3,56515
4,132,0,5,0,2,0,3,2,150662
4,142,0,0,0,1,0,3,1,166017
4,137,0,6,0,0,0,2,1,154999
2,100,0,1,0,0,1,2,1,105787
5,170,1,5,1,0,1,3,1,201618
4,139,1,7,0,2,1,1,4,152381
1,82,1,6,0,1,1,1,5,71550
1,71,1,8,0,0,1,2,4,66005
3,111,1,2,0,0,1,2,1,127494
3,128,1,0,1,0,1,2,2,132712
4,136,1,4,0,1,1,3,1,170476
1,81,1,7,0,0,1,1,5,66863
5,147,1,9,0,2,1,1,1,189610
3,109,1,2,0,2,1,1,2,125835
1,69,1,5,0,0,1,1,2,65194
4,151,1,9,0,1,0,3,1,168201
3,116,0,10,0,0,0,1,2,123619
1,80,0,9,0,2,0,1,1,77686
2,96,0,1,0,0,0,1,3,87769
2,91,0,9,0,0,0,1,4,89057
2,88,0,9,0,2,0,2,4,89169
3,106,0,5,0,0,0,1,3,110319
4,138,0,6,0,0,0,3,5,144149
2,103,0,6,0,0,0,1,4,93155
2,105,0,4,0,2,0,2,1,111213
5,149,0,4,0,0,0,2,2,179411
5,163,0,4,0,0,0,1,5,172495
2,88,0,0,0,1,0,2,5,90871
5,146,1,8,0,0,1,1,5,169625
4,150,1,10,0,0,1,3,5,160236
4,150,1,0,1,1,1,3,2,164785
1,81,1,3,0,0,1,2,4,69257
5,157,1,1,0,0,1,3,2,184850
2,94,1,4,0,1,1,1,4,93668
3,124,1,0,0,1,1,2,5,134272
2,97,1,1,0,0,1,1,4,97350
5,149,1,7,0,0,1,2,5,177334
5,153,1,7,0,0,1,3,5,179552
2,108,1,4,0,0,1,2,3,102975
5,164,1,10,1,2,1,2,4,191737
2,102,1,6,1,2,1,1,5,98754
5,159,0,6,0,0,0,3,3,174190
5,159,0,8,1,0,0,1,3,172248
3,113,0,0,0,1,0,1,3,118193
5,150,0,10,0,0,0,1,2,180771
5,157,0,3,0,1,0,2,3,172727
5,159,0,3,0,0,0,2,2,183217
4,124,0,1,0,0,0,1,3,145322
3,104,0,6,0,1,0,1,3,108616
5,159,0,10,0,0,0,2,3,177537
1,72,0,7,0,2,0,1,1,75877
2,100,0,7,1,0,0,1,2,94463
1,84,0,3,0,1,0,2,3,65895
4,151,0,6,0,0,0,3,3,148235
4,138,1,9,0,1,1,2,2,153011
2,99,1,0,0,0,1,1,5,95291
3,114,1,4,0,1,1,1,1,137957
5,144,1,7,0,2,1,1,1,186616
1,73,1,4,0,2,1,1,1,87244
1,70,1,3,0,1,1,2,4,65580
2,98,1,3,0,0,1,2,3,96966
4,141,1,3,0,1,1,2,2,166674
1,84,1,3,0,0,1,1,3,67288
1,70,1,6,0,2,1,2,3,70568
4,135,1,6,0,1,1,1,3,151895
3,113,1,0,0,0,1,1,5,121092
3,112,1,8,0,0,1,2,5,117708
4,131,1,10,0,2,0,1,2,155638
5,172,0,2,1,1,0,3,4,184121
2,103,0,9,0,0,0,2,1,101118
2,84,0,5,0,0,0,1,1,92838
4,132,0,9,0,0,0,3,5,151566
5,159,0,9,0,0,0,2,2,184787
3,125,0,5,0,1,0,2,4,122880
5,165,0,3,0,0,0,2,4,178538
1,84,0,8,0,1,0,2,1,76976
4,139,0,6,0,1,0,1,4,148479
1,87,0,10,0,1,0,2,1,79344
5,149,0,2,0,0,0,2,3,167398
2,92,0,4,0,2,0,2,3,92747
4,144,1,7,0,1,1,1,4,152938
3,120,1,9,1,0,1,2,2,128554
2,93,1,5,0,1,1,2,5,99181
3,113,1,9,0,0,1,2,2,123555
2,97,1,7,0,0,1,2,5,94278
3,118,1,3,0,1,1,2,4,128360
3,117,1,7,0,0,1,2,4,122809
5,164,1,2,0,1,1,1,1,191263
2,91,1,3,0,2,1,1,3,99281
3,122,1,10,0,0,1,2,2,128423
4,142,1,10,0,0,1,2,3,155819
5,166,1,5,0,0,1,2,3,183837
3,110,1,3,0,1,1,2,3,118077
1,69,1,2,0,1,1,2,3,66251
1,72,0,3,0,1,0,2,4,62315
4,128,0,6,0,1,0,1,1,156562
3,121,0,8,0,2,0,2,4,123792
1,71,0,5,0,1,0,1,1,69306
4,124,0,4,0,0,0,1,5,140901
1,79,0,9,0,0,0,2,5,61778
3,111,0,3,0,0,0,2,4,114706
3,121,0,9,0,0,0,2,3,123736
2,90,0,9,1,0,0,1,4,85981
2,93,0,8,0,1,0,1,4,90744
3,120,0,10,0,1,0,2,5,123325
1,71,0,5,0,0,0,1,1,67644
2,85,0,1,0,1,0,1,2,87822
3,119,1,0,0,0,1,2,3,121091
3,117,1,6,1,0,1,1,2,131446
1,78,1,7,0,0,1,2,2,72100
2,96,1,2,1,0,1,1,3,94734
4,142,1,7,0,2,1,1,4,155106
5,170,1,6,0,1,1,3,2,189983
5,153,1,9,0,0,1,1,5,185419
5,163,1,3,0,1,1,2,4,188797
2,100,1,6,0,1,1,2,2,106090
2,106,1,4,0,0,1,2,1,113014
4,134,1,7,0,0,1,1,2,156964
1,88,1,0,1,1,1,2,4,75319
4,141,0,5,0,0,0,2,2,159114
3,115,0,6,0,2,0,2,5,120893
2,91,0,9,0,2,0,2,3,89912
1,65,0,0,0,0,0,1,3,53483
2,88,0,5,0,0,0,2,2,88351
3,124,0,8,0,1,0,2,1,139677
4,137,0,4,0,1,0,2,5,154398
3,121,0,0,0,0,0,2,3,120372
2,100,0,2,0,1,0,2,4,91198
5,160,0,1,0,1,0,2,2,187518
4,135,0,9,0,0,0,1,2,144384
5,148,0,5,1,0,0,2,5,166354
3,115,0,2,0,1,1,1,5,127871
1,70,1,8,1,0,1,1,4,60948
3,116,1,1,0,0,1,1,1,134665
1,79,1,1,0,0,1,2,5,67454
5,163,1,8,0,0,1,2,5,178462
5,156,1,5,0,0,1,1,1,185519
3,109,1,7,0,1,1,1,4,124836
5,157,1,8,0,0,1,2,5,174663
3,128,1,10,0,2,1,2,1,144726
1,74,1,5,0,0,1,2,2,68800
1,68,1,1,0,0,1,1,3,60427
4,136,1,10,0,2,1,1,2,165520
3,116,1,8,0,0,1,1,5,118747
5,159,0,5,0,2,0,1,2,179861
4,144,0,2,0,1,0,3,3,150157
3,119,0,10,0,1,0,2,1,131417
5,145,0,10,0,0,0,1,4,171793
4,129,0,5,0,0,0,2,5,137776
2,101,0,5,0,2,0,1,4,97547
3,117,0,8,0,1,0,1,1,128161
1,81,0,9,0,0,0,1,5,62763
4,136,0,9,1,1,0,1,1,161164
5,160,0,5,0,1,0,2,2,181677
4,136,0,10,0,0,0,2,4,142972
2,86,0,1,0,0,0,1,1,96903
5,158,0,6,0,0,0,2,5,171056
4,138,1,9,0,0,1,2,5,158496
4,151,1,5,0,2,1,3,2,175974
4,142,1,8,0,0,1,3,3,150129
2,89,1,6,0,0,1,2,1,102224
4,139,1,8,1,0,1,3,4,153489
5,167,1,0,0,0,1,2,3,193464
4,140,1,6,0,2,1,3,5,156534
5,152,1,7,0,1,1,3,1,190001
5,160,1,0,0,0,1,3,3,181568
3,113,1,9,0,2,1,1,2,128540
1,73,1,10,0,0,1,1,2,67106
5,144,1,4,0,1,1,1,5,175186
5,160,1,4,0,2,1,2,5,195635
3,121,0,9,0,1,0,2,3,127101
3,116,0,1,0,1,0,2,5,116661
3,110,0,10,1,0,0,1,5,114382
4,144,0,7,0,2,0,2,3,150825
4,131,0,0,0,0,0,1,5,144529
3,111,0,3,0,0,0,2,1,122835
5,149,0,8,0,1,0,2,3,177714
4,138,0,6,0,2,0,2,3,149188
4,125,0,10,0,0,0,1,5,133852
1,88,0,6,0,0,0,2,3,65601
4,135,0,4,0,1,0,3,2,155039
1,88,1,1,0,1,1,2,1,88565
2,95,1,5,0,0,1,2,1,109510
2,92,1,8,1,0,1,2,3,90021
3,114,1,9,0,0,1,2,4,121988
5,160,1,9,1,0,1,2,2,190019
1,84,1,10,0,1,1,1,4,74605
4,139,1,2,0,1,1,1,4,158131
5,171,1,4,0,0,1,3,4,192656
3,112,1,2,0,0,1,1,5,116589
2,104,1,7,0,1,1,1,3,102175
2,94,1,0,0,2,1,2,4,100167
3,111,1,6,0,2,1,1,5,122011
3,123,1,5,0,2,1,2,1,139721
4,134,0,10,0,2,0,2,1,162325
1,84,0,9,1,2,0,1,5,70521
2,97,0,4,0,2,0,1,5,90509
4,142,0,8,0,0,0,1,3,147339
4,135,0,3,0,1,0,2,2,147695
3,113,0,8,1,1,0,1,3,114716
5,167,0,5,0,0,0,3,4,180133
1,71,0,7,0,1,0,2,3,58884
1,78,0,8,0,0,0,2,5,61285
5,164,0,1,0,2,0,1,3,182310
1,79,0,8,0,1,0,1,3,64328
4,137,0,10,0,0,0,2,3,150842
1,82,0,8,0,0,0,2,4,61458
3,117,1,10,0,1,1,2,4,125926
1,81,1,3,0,0,1,1,2,70966
1,65,1,3,0,1,1,1,3,61530
2,99,1,1,0,0,1,1,1,105066
4,140,1,8,0,0,1,2,1,161729
3,109,1,0,0,1,1,1,4,120276
2,105,1,7,0,0,1,2,1,117455
1,69,1,0,0,1,1,1,3,64921
3,104,1,1,0,1,1,1,1,130815
2,93,1,0,0,2,1,1,1,110341
3,105,1,4,0,1,1,1,3,122509
4,130,1,6,0,0,1,1,5,151147
2,87,1,0,0,0,1,1,4,90871
5,159,1,9,0,0,1,1,2,190888
1,78,1,2,0,0,1,1,4,67093
5,162,1,10,0,1,1,1,1,198940
3,114,1,3,0,0,1,1,2,127314
1,78,1,4,0,0,0,1,2,64034
1,75,0,6,0,1,0,1,4,62256
2,99,0,5,0,0,0,1,4,92338
3,113,0,10,0,2,0,2,4,124310
3,111,0,6,0,0,0,1,1,121339
4,129,0,8,0,0,0,1,5,139131
4,131,0,1,0,0,0,2,3,140807
2,102,0,4,0,0,0,1,2,96693
2,97,0,1,0,0,0,2,5,91094
5,152,0,1,0,0,0,2,3,178025
4,140,0,8,0,1,0,3,4,151954
5,152,0,6,0,1,0,2,1,195375
4,138,0,10,0,0,0,2,2,147323
5,170,0,5,1,0,0,3,3,183225
4,141,0,4,0,2,0,2,2,154481
4,132,0,9,0,1,0,2,4,150676
2,101,0,9,0,1,0,2,3,90828
5,155,0,6,0,0,0,2,1,186529
1,78,0,2,0,0,0,1,4,59893
4,135,0,9,0,0,1,2,3,155188
2,97,1,2,0,1,1,2,1,112865
4,132,1,1,0,1,1,1,5,153011
5,147,1,6,0,0,1,1,2,182053
5,155,1,6,0,1,1,2,5,177839
4,134,1,3,0,2,1,2,3,162411
2,94,1,9,0,0,1,1,2,96632
3,115,1,9,0,1,1,1,3,128468
4,129,1,1,0,1,1,2,4,145768
5,164,1,3,0,0,1,1,2,182888
2,92,1,6,0,0,1,2,3,93618
3,118,1,10,0,1,1,2,2,127149
2,87,1,1,0,1,1,1,3,92684
1,77,1,6,0,1,1,1,3,69082
2,89,1,1,1,1,1,1,4,94577
3,122,1,8,0,0,1,1,3,125606
3,113,1,4,0,0,1,1,1,128418
4,131,1,10,0,0,1,2,3,153238
3,124,1,6,0,1,1,2,4,128580
1,88,1,5,0,1,1,2,4,76754
3,104,1,2,0,1,1,1,4,118426
1,87,1,4,0,0,1,2,4,73019
3,113,1,9,1,1,1,1,2,123759
2,94,1,4,0,0,1,1,1,105526
4,151,1,7,0,0,1,3,5,160894
5,156,1,7,0,0,1,2,5,172960
1,65,1,2,1,0,1,1,5,60102
2,92,1,10,0,0,1,2,2,98381
4,130,1,1,0,1,1,1,3,145792
3,121,1,8,0,0,1,2,2,128369
2,99,1,3,0,0,0,2,1,106149
4,134,0,9,0,1,0,3,1,159948
2,104,0,5,0,0,0,1,2,97371
2,89,0,10,0,0,0,2,5,87009
3,116,0,7,0,1,0,1,4,120125
4,147,0,5,0,0,0,2,2,159449
2,92,0,7,0,1,0,2,1,102818
2,88,0,6,0,2,0,2,2,92880
1,77,0,4,0,1,0,2,2,65526
3,115,0,1,0,1,0,2,4,123468
5,162,0,2,0,0,0,1,1,185899
2,92,0,8,0,0,0,2,1,100655
1,78,0,1,1,1,0,2,1,74423
1,67,1,6,1,0,1,1,2,63927
3,120,1,8,0,2,1,1,1,140093
4,131,1,8,0,0,1,2,5,155201
3,118,1,8,0,0,1,1,2,125917
5,157,1,10,0,0,1,2,3,175755
2,96,1,7,0,0,1,1,4,95954
5,153,1,8,0,0,1,3,4,184205
2,106,1,7,1,1,1,2,2,106330
4,138,1,7,0,2,1,1,2,161608
1,78,1,9,0,1,0,1,4,63397
5,164,0,7,0,1,0,1,4,184045
3,113,0,1,0,1,0,2,4,122661
2,93,0,5,0,1,0,2,5,93437
2,93,0,6,0,0,0,1,3,84480
4,137,0,9,0,1,0,1,4,152064
5,164,0,6,0,0,0,2,5,180727
4,141,0,7,0,1,0,2,2,154185
3,124,0,0,0,1,0,1,4,126951
1,78,0,8,1,0,0,2,1,77267
1,73,0,9,0,1,0,1,5,59627
2,100,0,6,0,1,0,1,1,98736
2,105,0,0,0,1,0,2,3,96061
5,158,0,0,0,0,0,2,5,178633
5,165,1,6,0,1,1,2,1,202382
1,71,1,6,1,0,1,1,3,63109
5,152,1,3,0,0,1,2,3,180715
1,76,1,2,0,0,1,1,1,82386
2,88,1,7,1,1,1,2,2,96107
1,72,1,10,0,1,1,1,4,64893
5,160,1,5,0,0,1,3,5,179557
4,138,1,7,0,2,1,3,2,165817
5,156,1,5,0,0,1,3,4,179849
4,150,1,8,0,1,1,3,5,160152
4,125,1,1,0,1,1,1,2,151888
1,75,1,10,0,0,1,1,5,64752
3,124,1,0,1,0,1,1,2,127283
2,100,1,2,0,0,1,2,1,107536
1,82,0,6,1,0,0,1,4,63768
1,84,0,8,0,0,0,2,1,79596
4,132,0,8,0,1,0,3,1,162492
5,152,0,5,0,1,0,1,5,171117
2,101,0,4,1,2,0,2,1,113067
3,123,0,10,1,0,0,1,5,118802
2,89,0,4,0,1,0,2,2,95352
5,157,0,9,1,0,0,2,3,180688
4,130,0,1,0,0,0,2,5,140567
2,95,0,10,0,1,0,1,5,89982
4,133,0,10,0,1,0,2,3,143519
4,148,0,1,0,0,0,2,1,169432
5,161,1,5,0,0,1,1,2,187403
1,73,1,1,1,0,1,1,5,63780
2,98,1,0,0,0,1,2,2,104070
2,104,1,5,0,1,1,1,1,120334
4,128,1,7,1,0,1,2,1,163751
4,140,1,2,0,1,1,2,1,168752
4,148,1,2,0,0,1,2,1,164631
1,72,1,6,1,0,1,2,3,63218
4,147,1,5,1,2,1,2,3,168498
2,96,1,1,0,0,1,1,1,103816
2,91,1,8,0,1,1,2,5,97658
4,141,1,4,0,1,1,1,2,160009
1,87,1,6,0,1,1,2,3,75987
4,139,0,4,0,2,0,1,1,164905
1,70,0,0,0,0,0,1,2,63159
4,143,0,4,1,1,0,3,1,169154
5,152,0,6,0,1,0,1,3,178674
1,71,0,4,0,0,0,1,2,59672
1,64,0,0,0,0,0,1,5,53277
5,156,0,3,0,2,0,1,4,186768
4,125,0,1,0,1,0,1,3,143906
1,68,0,9,0,0,0,1,5,53670
5,152,0,5,0,1,0,3,2,187701
4,135,0,2,0,1,0,2,4,149038
5,153,1,10,0,0,1,1,2,178879
3,120,1,5,0,0,1,2,1,136298
4,147,1,6,0,1,1,2,1,170505
1,83,1,5,0,0,1,2,5,69080
3,120,1,4,0,0,1,2,3,123853
5,157,1,9,0,0,1,3,5,183439
5,159,1,2,0,0,1,3,2,190970
1,80,1,0,1,1,1,2,5,72746
4,148,1,0,0,1,1,3,1,178592
1,78,1,0,1,1,1,2,4,70325
2,87,1,7,0,1,1,1,5,95009
2,104,1,1,0,0,1,1,2,99027
1,82,1,3,0,0,1,1,5,68643
3,120,0,5,1,0,0,2,1,127308
4,133,0,6,0,1,0,3,2,154953
2,102,0,7,0,1,0,2,2,102370
4,142,0,6,0,1,0,2,1,169689
4,125,0,0,0,2,0,1,1,162423
5,157,0,4,0,1,0,3,5,174271
2,104,0,3,0,0,0,2,3,92917
4,142,0,7,0,0,0,1,4,151569
5,161,0,2,1,0,0,3,4,184951
3,121,0,0,0,0,0,1,3,119672
5,159,0,10,0,0,0,1,3,172278
5,144,0,6,0,0,0,1,3,167431
3,120,0,2,0,0,0,2,1,140381
4,127,1,2,0,1,1,1,1,171926
5,171,1,9,0,2,1,3,5,198064
2,97,1,2,0,0,1,2,2,98787
5,150,1,8,0,1,1,2,3,187216
1,73,1,10,0,0,1,1,1,79329
2,98,1,3,0,1,1,1,4,98242
1,79,1,4,1,0,1,1,1,78586
1,71,1,4,0,0,1,1,2,65581
5,150,1,1,0,0,1,2,3,176497
5,156,1,5,0,0,1,1,5,178227
3,120,1,5,0,1,1,2,1,146576
1,70,1,5,0,1,1,2,4,66762
4,133,1,1,0,0,1,2,3,156362
3,115,1,7,0,0,0,2,3,113940
3,122,0,5,0,2,0,1,4,127981
3,127,0,4,0,2,0,2,2,131576
5,157,0,1,0,0,0,1,1,189166
1,76,0,9,0,0,0,2,1,70891
2,85,0,2,0,0,0,1,2,88135
1,81,0,9,0,1,0,2,3,66140
3,120,0,4,0,0,0,1,3,116027
5,166,0,3,0,1,0,3,4,183130
1,88,0,2,0,0,0,2,4,65011
3,112,0,0,0,0,0,2,2,117365
2,101,0,9,1,0,0,2,4,90455
5,163,0,6,1,0,0,1,3,178533
1,81,0,10,0,0,0,1,1,74077
3,111,1,9,1,0,1,1,3,123136
4,136,1,3,0,0,1,1,5,151481
4,141,1,6,0,1,1,2,2,159580
3,119,1,5,1,1,1,1,4,127988
2,98,1,6,0,0,1,1,2,100402
4,133,1,2,0,0,1,2,2,156048
5,171,1,5,0,0,1,3,4,196377
1,72,1,10,0,0,1,2,3,65607
3,115,1,3,0,1,1,2,1,136906
4,135,1,4,0,1,1,2,2,162321
4,136,1,4,0,2,1,2,3,158173
5,160,1,5,0,0,1,1,3,177560
1,77,1,5,0,0,1,1,4,67043
4,142,0,3,0,0,0,2,4,148233
4,135,0,2,0,0,0,2,5,139000
5,158,0,10,1,0,0,2,1,189908
5,155,0,10,0,2,0,2,5,174809
5,156,0,2,0,0,0,2,5,173192
4,138,0,10,0,0,0,3,1,171498
4,138,0,9,0,0,0,1,4,141215
4,137,0,10,1,2,1,1,5,153294
5,168,1,0,0,2,1,2,3,190904
4,152,1,4,1,0,1,3,2,168283
2,98,1,8,0,0,1,2,1,103371
2,90,1,9,0,1,1,2,5,95691
1,85,1,0,0,2,1,2,4,77699
1,79,1,5,0,2,1,1,2,77597
2,106,1,7,0,1,1,2,1,120108
1,83,1,7,0,2,1,2,4,73962
5,159,1,5,0,0,1,3,1,195828
4,136,0,3,0,2,0,3,5,153172
1,71,0,1,0,0,0,1,1,70018
2,90,0,7,0,2,0,1,5,87507
2,98,0,7,0,0,0,1,2,90680
4,152,0,6,0,0,0,3,2,161814
4,133,0,0,1,0,0,2,4,140147
3,112,0,6,0,0,0,1,1,123442
2,104,0,0,0,0,0,2,3,95416
3,112,0,9,0,2,0,2,2,126459
4,127,0,10,0,1,0,1,1,162237
4,132,0,6,0,0,0,2,5,148723
5,162,0,8,0,2,0,1,3,179336
4,136,1,2,0,1,1,3,1,171482
4,136,1,2,0,1,1,1,5,155983
2,87,1,8,0,1,1,1,5,93543
3,122,1,4,0,1,1,2,1,146238
1,81,1,0,0,0,1,2,3,68917
3,119,1,5,1,1,1,1,2,130945
1,75,1,4,0,0,1,1,4,64452
1,84,1,5,0,0,1,1,3,68743
5,154,1,7,0,0,1,2,3,179360
2,105,1,5,0,0,1,2,2,103425
4,139,1,2,0,0,1,2,5,152648
5,149,1,2,0,0,1,2,5,169104
5,160,1,0,0,1,0,3,2,192854
4,147,0,7,1,0,0,2,4,150978
2,90,0,6,0,0,0,1,3,83874
2,91,0,6,0,0,0,2,5,85611
5,159,0,0,0,0,0,3,2,187969
4,129,0,1,0,0,0,1,1,149523
4,132,0,9,0,1,0,3,4,149487
2,95,0,1,1,0,0,2,4,89626
3,110,1,5,0,0,1,2,3,116606
5,149,1,10,0,2,1,1,4,175580
3,115,1,2,0,0,1,1,2,125252
1,87,1,3,0,1,1,2,4,75008
5,148,1,6,0,1,1,2,4,182078
1,84,1,0,0,1,1,2,3,74086
1,77,1,0,0,0,1,2,5,67539
1,77,1,2,1,2,1,1,2,74950
4,130,1,2,1,0,1,2,1,164730
4,140,1,4,0,2,1,1,4,153192
2,98,1,10,0,2,1,2,2,107664
3,123,1,10,0,0,1,1,2,132566
2,88,1,5,0,0,1,1,1,98911
2,96,1,3,1,2,1,1,1,114683
4,126,1,9,0,2,1,1,1,164925
2,92,0,2,0,0,0,2,5,87746
4,134,0,1,0,0,0,2,5,150122
1,77,0,2,0,0,0,2,4,59482
5,165,0,8,0,2,0,2,5,183489
1,66,0,10,0,0,0,1,5,53983
2,91,0,7,1,0,0,1,4,86245
4,133,0,3,0,1,0,2,5,141812
5,162,0,8,1,0,0,1,3,175483
5,168,0,2,0,0,0,3,1,185736
2,94,0,4,0,0,0,2,1,105563
2,103,0,6,0,1,0,1,1,107645
3,111,0,6,0,0,0,2,1,130758
4,137,0,6,0,0,1,3,3,158677
3,114,1,5,0,0,1,1,1,137533
2,95,1,6,0,2,1,2,5,99218
2,106,1,4,0,0,1,2,2,105651
1,79,1,9,0,0,1,1,1,84631
5,151,1,9,0,2,1,2,2,189249
5,152,1,3,1,0,1,3,2,187397
1,77,1,2,0,0,1,1,5,63973
1,77,1,4,0,1,1,1,1,79284
3,125,1,4,0,1,1,2,1,138550
1,66,1,3,1,0,1,1,2,63866
1,77,1,10,1,1,1,1,4,68653
3,120,1,10,0,2,1,1,1,144448
5,155,0,2,0,0,0,3,1,191399
1,76,0,2,0,0,0,2,4,59592
5,158,0,2,0,0,0,2,5,177501
1,69,0,10,0,1,0,2,5,60291
2,99,0,10,0,0,0,1,2,90836
5,147,0,7,0,0,0,1,4,170106
4,134,0,9,1,0,0,1,4,143942
5,147,0,6,0,0,0,1,1,181107
1,74,0,3,0,1,0,2,2,67409
1,69,0,0,0,1,0,2,1,70965
5,158,0,10,1,1,0,3,4,183512
5,154,0,4,1,0,0,2,5,177653
3,117,0,5,0,0,0,1,4,120258
5,172,0,2,0,0,0,3,3,182528
5,160,0,9,0,0,0,3,3,171461
3,108,0,0,0,0,0,2,4,117309
5,156,0,1,0,2,0,2,1,189377
5,164,0,1,1,0,0,3,3,183707
2,86,0,0,0,0,0,1,4,81723
4,139,0,0,0,0,0,3,4,143384
4,137,0,4,0,0,0,2,3,151488
3,118,0,6,0,1,0,1,1,135155
2,91,0,7,0,0,0,1,5,86863
3,107,0,9,1,0,0,1,2,115017
3,116,1,9,0,0,1,2,1,136595
5,155,1,9,1,0,1,2,2,187182
3,125,1,3,0,0,1,2,2,134288
5,159,1,6,0,1,1,1,3,191271
2,101,1,9,1,2,1,2,2,106417
2,103,1,0,0,0,1,2,2,99155
2,104,1,6,0,2,1,1,5,102326
3,123,1,5,0,0,1,2,5,124408
3,121,1,2,1,2,1,1,1,148382
4,128,1,0,0,0,1,1,1,152145
5,162,1,10,1,1,1,2,5,179848
3,109,1,1,0,2,1,2,1,139179
1,79,1,9,0,0,1,1,5,66844
3,113,1,5,0,0,0,1,5,117702
3,126,0,2,0,0,0,2,3,124688
3,110,0,8,1,0,0,1,5,113787
5,157,0,1,0,1,0,3,5,174023
4,142,0,6,1,1,0,2,3,155877
5,166,0,5,1,0,0,2,4,173802
2,102,0,5,0,2,0,1,4,97637
3,119,0,3,0,0,0,1,2,118437
4,144,0,9,0,0,0,3,1,163037
3,118,0,5,1,1,0,1,2,128937
3,105,0,2,0,0,0,1,4,114595
4,130,0,5,0,1,0,2,1,164532
5,167,0,10,1,1,0,3,5,175962
2,95,0,7,0,0,1,1,5,95618
2,93,1,1,0,0,1,2,4,92830
2,105,1,4,0,1,1,2,2,103387
4,132,1,6,0,0,1,2,1,161854
4,138,1,9,0,0,1,3,1,164090
3,108,1,2,0,0,1,2,3,120182
1,75,1,10,1,1,1,2,5,68790
4,133,1,4,1,0,1,3,3,155641
4,138,1,5,1,0,1,1,1,161776
5,170,1,9,0,0,1,3,2,186318
3,115,1,2,0,1,1,2,4,124476
5,159,1,2,0,1,1,1,3,189748
2,93,1,7,0,0,1,1,5,88984
5,151,1,3,0,1,0,2,1,185157
3,105,0,9,0,1,0,1,5,112149
4,140,0,0,0,0,0,1,3,141938
4,136,0,4,0,0,0,2,4,144995
1,68,0,3,0,0,0,2,4,56527
4,135,0,6,0,0,0,3,4,145217
1,79,0,6,0,1,0,1,5,64244
4,134,0,4,0,0,0,1,4,140810
4,135,0,3,0,1,0,2,1,154519
5,156,0,0,0,0,0,3,1,176412
2,99,0,9,0,0,0,2,2,91416
5,168,0,4,0,1,0,2,2,182170
2,94,0,10,1,0,0,2,2,92834
5,161,1,1,0,1,1,3,5,181647
1,77,1,1,0,0,1,1,5,66908
3,122,1,3,0,0,1,2,1,139623
5,163,1,2,0,1,1,3,1,211445
1,73,1,1,0,0,1,1,2,67289
4,133,1,2,0,0,1,2,2,152765
3,122,1,5,0,1,1,2,3,131578
5,161,1,7,0,0,1,1,1,199772
5,148,1,6,0,1,1,2,3,180348
2,95,1,2,0,0,1,2,5,91455
4,132,1,0,0,1,1,1,1,160087
1,66,1,3,0,0,1,1,2,65398
1,88,1,8,0,0,1,2,4,71980
2,98,1,2,0,2,0,1,1,109038
2,96,0,5,0,1,0,2,3,92228
3,118,0,9,0,1,0,1,4,118893
3,115,0,2,0,1,0,2,5,115387
3,122,0,6,0,0,0,1,4,120201
4,152,0,0,0,1,0,3,3,152673
4,139,0,2,1,0,0,2,4,151978
2,85,0,2,0,2,0,1,3,86890
3,104,0,5,0,2,0,1,3,120655
4,144,0,2,0,0,0,2,5,149278
3,109,0,9,0,0,0,2,2,115189
2,102,0,1,0,0,0,2,2,99039
2,105,0,10,0,0,0,2,4,94918
2,98,0,0,0,1,0,1,4,89350
4,152,1,10,0,1,1,3,1,167145
1,64,1,3,0,1,1,1,1,75505
3,109,1,3,0,1,1,2,5,122607
2,92,1,3,0,2,1,2,3,96020
3,120,1,3,0,1,1,2,3,125780
3,111,1,1,0,1,1,2,1,133560
5,163,1,3,0,0,1,3,5,187006
3,111,1,3,0,2,1,2,2,136165
5,162,1,6,0,1,1,1,2,196961
5,148,1,0,0,0,1,1,4,170561
1,82,1,9,0,0,1,1,2,74374
3,118,1,4,0,0,1,2,4,120363
5,169,1,5,0,0,0,3,5,174693
1,75,0,0,0,1,0,2,3,62459
5,154,0,5,0,0,0,1,3,171816
5,149,0,9,0,0,0,2,3,177682
4,145,0,7,0,1,0,2,5,157902
4,147,0,7,0,0,0,2,2,155242
1,72,0,5,0,0,0,1,4,56026
5,162,0,6,0,0,0,3,4,178505
2,102,0,10,0,2,0,1,1,109532
1,74,0,8,0,0,0,1,2,63260
1,77,0,8,0,0,0,1,4,61081
3,113,0,2,1,0,0,2,1,125312
1,81,0,4,0,2,0,2,4,66877
3,121,1,7,0,0,1,2,4,127342
1,81,1,5,0,0,1,1,1,80515
4,137,1,9,0,2,1,1,2,157545
5,159,1,10,0,0,1,3,4,179497
1,79,1,5,0,0,1,1,3,67261
3,113,1,7,0,0,1,1,5,118554
4,131,1,1,0,0,1,2,5,145585
1,76,1,2,0,1,1,1,1,86135
1,78,1,10,0,0,1,1,1,77107
2,88,1,1,0,0,1,2,3,89296
5,154,1,0,0,0,1,2,1,185243
4,138,1,7,0,0,1,2,5,148086
5,166,1,8,0,1,1,2,2,190806
1,84,0,5,0,0,0,2,5,64118
4,128,0,10,0,1,0,2,3,144665
2,95,0,7,0,1,0,2,5,94768
3,110,0,0,0,0,0,2,4,112538
3,124,0,7,0,1,0,2,2,131596
1,82,0,6,0,0,0,2,4,64571
2,103,0,0,0,0,0,1,5,91543
3,117,0,9,0,0,0,1,4,118348
3,109,0,1,0,0,0,2,4,113291
2,94,0,8,0,0,0,2,4,88118
1,68,0,10,0,1,0,1,2,61584
4,143,0,9,0,0,0,2,2,153613
4,140,0,0,0,1,0,2,2,150899
2,100,0,9,0,0,1,1,5,97576
5,149,1,10,1,1,1,1,1,192133
5,168,1,8,1,0,1,2,4,182765
3,124,1,2,0,2,1,1,5,132691
5,157,1,2,0,0,1,3,3,174574
5,161,1,1,0,1,1,2,4,182348
5,168,1,0,0,0,1,3,2,189168
3,124,1,10,0,0,1,1,3,126758
3,123,1,5,0,1,1,2,2,134888
3,105,1,3,0,0,1,1,1,126631
5,153,1,1,0,1,1,3,1,194288
4,138,1,4,0,1,1,1,1,165681
1,67,1,9,0,1,1,1,2,69799
3,112,1,8,0,1,0,2,5,116227
4,144,0,8,0,0,0,3,4,150540
5,146,0,6,0,0,0,1,4,170671
2,99,0,9,0,2,0,1,1,106744
3,113,0,5,0,0,0,2,4,118837
2,108,0,0,0,0,0,2,3,91785
3,123,0,2,0,0,0,1,1,132580
3,117,0,7,0,0,0,1,3,120042
4,131,0,9,0,0,0,1,5,147923
4,132,0,8,0,0,0,3,5,148082
1,80,0,1,0,1,0,1,1,78067
5,163,0,3,0,1,0,2,5,177203
1,71,0,6,0,0,0,1,2,60438
2,99,0,5,1,2,0,1,4,93247
2,103,1,7,0,0,1,2,1,113508
1,72,1,5,0,1,1,1,4,67403
3,125,1,8,0,1,1,2,1,138270
4,137,1,0,0,1,1,2,1,171955
1,71,1,0,1,0,1,1,3,62861
3,110,1,2,0,1,1,2,1,133900
1,82,1,1,0,1,1,2,2,74566
1,88,1,10,0,0,1,2,4,72142
5,156,1,2,1,1,1,2,5,187330
1,79,1,9,0,1,1,1,3,68990
5,147,1,9,1,0,1,1,4,182430
5,153,1,8,0,0,1,1,1,195042
1,75,0,5,0,0,0,2,3,61682
3,125,0,10,0,1,0,2,1,134307
2,84,0,10,0,0,0,1,2,87849
1,84,0,4,0,0,0,2,4,64146
4,124,0,1,0,0,0,1,2,137855
5,149,0,6,0,2,0,1,5,175822
2,103,0,0,0,1,0,2,5,92930
2,92,0,7,0,0,0,2,1,105723
1,84,0,2,0,0,0,2,2,68138
4,150,1,5,0,0,1,3,2,159036
2,94,1,10,0,1,1,2,4,97163
2,96,1,4,0,2,1,1,5,98023
5,159,1,9,0,1,1,3,4,184624
4,137,1,10,0,0,1,3,4,149357
1,88,1,2,0,1,1,2,4,75745
2,88,1,9,0,2,1,2,5,97257
3,110,1,1,0,0,1,1,2,124410
3,119,1,1,0,0,1,1,4,124333
5,164,0,8,0,0,0,3,3,175742
4,138,0,7,0,0,0,2,3,150575
5,150,0,3,0,0,0,1,3,169221
1,77,0,9,0,1,0,2,5,64960
1,79,0,7,0,1,0,2,3,63957
3,128,0,9,0,0,0,2,4,123549
3,113,0,1,0,0,0,1,1,132084
2,100,0,3,0,0,0,2,3,91712
3,122,0,5,0,0,0,2,1,137133
1,66,0,1,0,1,0,1,4,56954
2,91,0,9,0,0,0,1,1,100492
1,72,0,4,0,0,0,2,2,64113
3,114,1,6,0,0,1,1,5,120477
5,161,1,7,0,1,1,1,1,195142
3,105,1,1,0,0,1,1,4,117590
2,99,1,0,1,0,1,1,2,97218
2,97,1,4,0,1,1,2,1,112281
4,151,1,9,0,0,1,3,5,164726
2,100,1,0,0,0,1,2,2,102543
2,87,1,5,1,0,1,1,5,88307
4,140,1,1,0,0,1,1,4,154193
4,139,1,7,0,1,1,3,5,158286
5,155,1,6,0,2,1,3,1,193870
3,107,1,5,0,1,1,1,4,118906
3,111,1,3,0,0,1,2,4,122280
3,110,1,8,0,0,1,1,1,130111
2,100,1,2,0,0,1,1,3,98559
1,79,1,6,0,2,1,1,3,71626
5,155,0,9,0,2,0,1,5,173166
4,145,0,7,0,0,0,2,1,163731
4,139,0,0,0,1,0,2,3,155638
4,142,0,6,0,0,0,3,2,147962
1,88,0,1,1,0,0,2,4,67011
3,121,0,1,0,0,0,1,4,118553
5,158,0,1,0,0,0,1,5,181773
2,93,0,2,0,0,0,2,4,89279
1,82,0,9,0,0,0,2,2,68820
3,105,0,0,1,1,0,1,4,110527
2,93,0,7,0,1,0,1,3,90906
4,139,0,7,0,2,0,2,2,159617
2,87,0,6,0,1,0,1,1,99917
4,141,0,4,0,0,0,1,3,146984
2,87,0,2,0,1,0,1,2,91352
3,107,0,3,0,0,0,1,3,107826
1,82,1,8,0,0,1,2,4,68826
1,87,1,2,0,1,1,2,4,74300
5,159,1,0,0,0,1,2,4,180304
1,75,1,10,0,1,1,1,4,67508
4,142,1,7,1,2,1,2,3,164264
5,163,1,4,0,1,1,2,3,184791
3,117,1,2,0,0,1,2,1,134932
3,120,1,1,0,0,1,1,5,121454
3,114,1,5,0,0,1,1,2,129873
3,125,1,10,0,2,1,2,4,135149
1,72,1,6,0,0,1,1,3,63828
3,104,1,3,0,1,1,1,2,127676
2,92,1,4,0,0,1,1,5,90507
4,140,1,3,0,0,1,1,3,148342
3,118,1,7,0,0,1,2,4,125790
4,133,1,8,0,1,1,3,1,163405
4,133,1,9,0,0,1,1,3,152933
5,165,1,2,0,0,1,2,3,185080
5,167,1,1,0,1,1,3,5,191360
3,112,1,0,0,1,0,1,1,123569
3,120,0,6,0,0,0,1,2,122982
5,164,0,1,1,2,0,1,1,195811
4,145,0,5,0,1,0,3,5,160046
5,155,0,1,0,0,0,3,4,178692
1,76,0,2,0,0,0,1,5,59973
5,158,0,6,0,1,0,1,3,174581
1,68,0,1,0,1,0,1,2,63042
1,83,0,4,0,0,0,1,2,69005
1,64,0,2,0,1,0,1,1,64067
5,161,0,0,0,1,0,2,2,189054
2,92,0,1,0,0,0,1,1,96716
5,150,0,0,0,1,0,2,4,169698
5,169,0,4,0,1,0,3,3,180020
5,168,0,9,1,0,0,3,4,183784
3,125,0,0,0,1,0,2,1,139692
3,114,0,10,0,0,0,1,2,115906
4,125,0,9,0,0,0,1,5,134577
5,155,0,2,0,0,0,3,1,192647
4,149,0,5,0,0,1,3,2,164252
5,145,1,8,0,2,1,1,4,180113
1,67,1,0,0,1,1,1,1,78424
4,127,1,5,0,0,1,1,5,142114
2,92,1,1,0,0,1,1,3,90402
4,148,1,3,0,1,1,2,4,160880
5,162,1,3,0,0,1,1,3,185862
2,88,1,6,1,1,1,1,4,90086
3,122,1,2,0,0,1,2,4,126164
4,125,1,7,0,0,1,1,3,151404
5,159,1,6,0,0,1,3,2,193371
3,116,1,8,0,2,1,2,5,129677
1,65,1,9,0,1,1,1,3,62530
1,68,1,10,0,1,1,2,1,75245
2,100,1,9,0,1,1,1,1,116276
2,95,1,7,1,0,1,1,5,89887
4,125,1,5,0,0,1,1,2,150375
5,161,1,2,0,0,1,1,1,188010
4,140,1,4,0,1,1,2,3,160354
1,69,1,9,0,1,0,2,5,60280
1,82,0,4,0,0,0,1,3,62713
2,94,0,1,0,2,0,2,4,95431
2,92,0,3,0,0,0,2,4,88150
2,96,0,6,0,2,0,2,3,91362
4,137,0,0,0,1,0,1,2,149297
4,134,0,0,0,0,0,2,5,144589
1,78,0,0,0,0,0,1,2,66891
2,98,0,8,0,1,0,2,4,93492
2,96,0,9,0,1,0,2,2,99128
2,90,0,9,0,2,0,1,1,104375
4,145,0,6,0,2,0,3,2,160163
1,85,0,10,0,1,0,2,3,68799
3,123,0,5,0,0,0,1,4,122018
4,147,0,7,0,0,0,2,5,153846
4,140,0,8,1,1,0,2,2,157020
2,95,0,2,1,0,0,2,2,93954
3,114,0,4,1,1,0,2,1,131805
3,109,0,9,0,0,0,1,4,110850
5,165,0,1,0,0,0,3,4,180601
3,110,0,6,0,0,0,2,4,112975
4,138,0,3,0,0,0,3,3,144194
2,93,0,10,0,0,0,1,2,89097
1,75,0,2,1,0,0,1,1,67785
2,105,0,6,0,0,0,2,5,94957
4,134,0,0,0,1,0,2,3,152057
4,143,0,7,0,0,0,3,1,158392
1,68,0,10,0,0,0,1,4,54328
5,164,0,5,0,1,0,1,4,178403
1,88,0,8,0,1,0,2,3,70107
5,162,0,10,0,0,0,1,1,185495
4,130,0,1,0,0,0,2,4,143113
5,155,0,7,0,0,0,1,1,189510
4,139,0,6,0,0,0,2,1,165377
3,112,0,10,0,1,0,2,4,114544
4,132,0,7,1,0,0,3,2,147215
4,130,0,7,0,1,0,2,5,141981
1,76,0,10,0,1,0,1,5,63081
2,95,0,3,0,0,1,2,2,98264
3,116,1,4,0,0,1,2,4,126394
1,75,1,2,0,1,1,2,5,67781
2,93,1,5,0,0,1,1,5,92876
4,146,1,10,0,0,1,3,5,157376
5,148,1,0,0,0,1,2,4,174495
3,117,1,6,0,0,1,1,4,122486
3,124,1,1,0,1,1,1,2,136288
4,147,1,7,1,0,1,2,4,153894
5,160,1,2,0,0,1,3,3,188973
5,158,1,0,0,2,1,1,3,180175
3,110,1,0,1,0,1,1,5,119557
5,159,1,6,0,1,1,1,5,186462
5,168,1,9,0,0,1,2,1,200722
4,143,1,3,0,1,1,1,1,168698
2,104,1,9,0,0,1,1,5,96554
2,100,1,1,0,2,1,1,1,119365
1,77,1,2,0,1,1,2,2,75066
3,121,1,9,0,0,1,1,4,127842
4,142,1,7,0,0,1,3,1,168616
4,129,0,8,0,0,0,2,1,150949
4,141,0,3,0,1,0,1,5,154915
5,155,0,1,0,0,0,1,1,177487
2,101,0,8,0,0,0,1,1,102845
1,88,0,4,0,0,0,2,4,65017
3,119,0,6,0,0,0,2,4,115826
1,85,0,0,0,0,0,2,4,65130
4,147,0,1,1,2,0,3,2,157685
5,155,0,5,0,0,0,2,1,179565
2,90,0,3,0,0,0,1,3,88026
5,161,0,1,0,2,0,1,3,188156
1,79,0,10,0,1,0,1,2,67103
4,141,0,0,1,1,0,3,5,149458
5,154,0,4,0,0,0,2,5,167079
1,73,0,3,0,2,0,1,4,64055
2,88,0,9,0,0,0,2,3,84801
2,85,0,1,0,1,0,1,3,87222
1,66,0,4,0,1,0,1,1,73861
5,162,0,10,0,0,0,1,4,170111
4,151,1,4,1,0,1,3,3,162559
5,164,1,7,0,0,1,2,5,184290
1,86,1,4,0,1,1,2,4,72589
5,155,1,10,0,0,1,2,4,176948
5,160,1,8,0,0,1,2,1,197372
1,77,1,7,0,0,1,1,3,65208
5,162,1,5,0,1,1,1,2,183169
2,94,1,10,0,1,1,1,1,112766
3,120,1,9,0,1,1,2,5,125742
3,128,1,6,0,0,1,2,5,125897
2,90,1,0,0,0,1,2,5,91809
4,150,1,10,0,0,1,3,1,167482
1,79,1,7,1,0,1,1,5,65572
1,66,1,6,0,1,1,1,4,62810
4,152,1,1,0,0,1,3,4,163188
5,150,1,1,0,0,1,2,5,177735
3,108,1,5,0,0,1,1,5,122622
1,80,1,4,0,1,1,2,3,72402
1,71,1,0,0,0,1,2,3,62169
3,110,0,8,0,0,0,2,1,122568
4,145,0,2,1,0,0,2,3,152929
1,69,0,0,0,2,0,1,4,62048
2,84,0,7,0,1,0,1,1,93713
1,78,0,9,0,1,0,1,1,73495
1,84,0,4,1,1,0,1,2,73016
4,136,0,7,0,1,0,3,3,146626
4,142,0,5,0,1,0,2,5,149482
5,156,0,4,0,2,0,2,5,175710
3,128,0,2,0,0,0,2,3,126970
3,107,0,5,0,0,0,1,2,112577
3,107,0,3,0,0,0,1,5,114229
4,132,0,7,0,0,0,2,3,139179
5,145,0,1,0,1,0,1,2,174655
5,153,0,5,0,0,0,1,1,192624
4,133,0,7,1,1,0,3,1,161584
2,88,0,4,0,0,0,2,5,84180
2,96,0,4,0,0,0,2,2,94878
5,160,0,8,0,0,0,3,3,175134
5,161,1,5,0,0,1,1,3,186862
1,76,1,7,1,0,1,1,2,71129
5,145,1,0,0,1,1,1,1,183839
4,135,1,0,0,1,1,3,2,160388
4,144,1,2,0,0,1,3,5,161391
2,101,1,8,0,0,1,1,4,97209
5,155,1,1,0,0,1,2,3,186749
4,132,1,10,0,0,1,1,3,150099
3,117,1,4,0,0,1,2,3,122236
4,138,1,10,1,0,1,2,1,166424
1,80,1,10,0,2,1,2,1,81932
1,79,1,0,0,0,1,2,1,83354
5,168,1,3,0,1,1,2,4,191530
4,129,1,2,0,0,1,1,4,150157
1,81,1,5,0,0,1,1,4,68867
5,156,1,2,0,1,1,2,5,177978
1,80,1,9,0,0,1,2,3,68053
4,136,1,3,0,0,0,3,3,145299
4,143,0,7,0,0,0,1,3,150653
5,160,0,2,0,0,0,1,3,173620
5,155,0,8,0,2,0,2,5,183582
4,147,0,10,0,0,0,2,5,156930
4,135,0,2,1,0,0,1,5,142698
3,114,0,9,1,1,0,2,3,116748
5,163,0,4,0,1,0,2,2,191562
1,76,0,6,0,0,0,1,3,60739
2,102,0,10,0,0,0,1,5,89452
2,89,0,5,0,1,0,2,1,105327
3,119,0,5,0,1,0,2,2,126194
5,168,0,8,0,0,0,3,3,181450
4,140,0,9,0,1,0,3,3,155496
3,104,0,0,0,0,0,1,4,110480
2,94,0,9,0,0,0,2,4,84806
2,101,0,0,0,0,0,2,4,91264
5,144,0,10,0,0,0,1,2,175205
4,129,0,8,0,1,1,2,1,165410
1,78,1,6,0,0,1,2,2,70358
4,147,1,4,0,0,1,2,4,153761
2,102,1,8,0,0,1,2,4,98393
3,117,1,10,0,0,1,2,1,134703
2,100,1,4,0,1,1,1,5,101204
2,98,1,10,0,1,1,1,3,96809
4,150,1,5,0,2,1,3,1,173556
2,108,1,8,0,0,1,2,1,109778
2,102,1,8,0,0,1,2,1,118313
1,80,1,8,0,0,1,1,5,67725
1,68,1,6,0,1,1,2,4,65148
3,115,1,0,0,0,1,1,2,124152
5,163,1,4,0,1,1,1,5,188565
1,81,1,7,1,0,1,1,4,68296
1,77,1,1,0,1,1,2,5,67961
3,119,1,10,0,1,1,2,4,125472
3,106,0,6,0,0,0,1,1,119111
3,128,0,5,1,0,0,2,4,121297
2,105,0,1,0,0,0,2,2,96953
1,86,0,7,0,0,0,2,3,64717
2,104,0,4,0,1,0,1,5,96146
5,163,0,8,0,1,0,2,5,187379
2,101,0,0,0,0,0,1,2,96645
5,152,0,2,0,1,0,1,3,173939
1,84,0,8,1,0,0,2,2,68152
2,97,0,2,0,0,0,2,5,92517
5,168,0,5,0,0,0,3,2,185310
3,114,0,3,0,0,0,2,5,113085
4,144,0,8,0,0,0,3,3,154950
5,172,0,3,0,0,0,3,2,191996
5,157,0,3,0,0,0,2,4,178906
2,84,1,3,0,0,1,1,2,91122
3,127,1,8,0,0,1,2,5,126958
4,150,1,1,0,1,1,3,2,167700
3,116,1,4,0,1,1,2,2,127254
1,68,1,8,0,2,1,1,5,65611
3,105,1,0,0,0,1,1,2,123730
2,104,1,2,0,0,1,2,4,97542
5,164,1,2,0,0,1,1,5,184266
1,85,1,3,0,0,1,2,3,70550
4,130,1,10,0,0,1,1,5,148306
2,98,1,2,0,0,1,2,2,101538
5,169,1,8,0,1,1,3,4,188597
4,135,1,7,0,2,1,1,2,154396
5,149,1,3,0,0,1,2,5,176828
1,64,1,0,0,1,1,1,1,77728
2,98,1,2,0,1,1,1,2,101129
2,104,1,4,0,0,1,1,3,95195
3,124,1,2,0,0,1,2,5,127847
4,132,0,9,0,1,0,2,4,142879
4,131,0,1,0,1,0,2,5,145179
3,115,0,6,0,0,0,2,1,121431
4,141,0,8,0,0,0,2,1,163852
2,93,0,2,0,0,0,2,5,88394
2,97,0,4,0,1,0,1,2,94392
3,115,0,2,1,0,0,1,3,111331
2,89,0,5,1,0,0,2,5,83934
3,115,0,1,1,1,0,2,4,114908
3,124,0,8,0,0,0,2,4,117616
1,78,0,0,0,0,0,1,4,60576
3,122,0,0,0,1,0,2,5,121088
2,92,0,6,0,1,0,2,2,93341
2,102,0,5,0,0,0,2,4,92517
2,94,0,3,0,2,0,2,1,109544
1,76,0,0,1,0,0,1,2,63945
4,144,0,7,0,1,1,3,4,154841
5,161,1,0,0,2,1,3,5,188406
1,84,1,8,0,1,1,1,3,72713
4,141,1,10,1,0,1,1,2,163082
5,146,1,8,0,0,1,1,4,168617
1,77,1,8,0,0,1,1,4,66016
2,104,1,10,0,2,1,2,3,101946
2,97,1,5,0,0,1,1,5,95068
1,67,1,9,0,0,1,1,3,60008
4,126,1,9,1,0,1,1,2,148830
2,102,1,1,0,1,1,2,3,103307
3,104,1,3,0,0,1,1,4,114128
5,160,1,7,0,1,1,2,2,182530
3,124,1,10,0,1,1,1,5,124752
5,157,1,7,0,0,1,1,5,178118
2,85,1,5,0,0,1,1,5,86811
4,132,1,2,0,2,0,2,3,153545
1,78,0,4,0,0,0,1,4,58333
1,79,0,6,0,0,0,2,1,77356
2,90,0,7,0,1,0,1,5,88546
5,172,0,5,0,0,0,3,1,192525
2,84,0,4,0,2,0,1,4,90574
5,172,0,4,0,0,0,3,1,187479
4,148,0,4,0,0,0,3,1,171599
1,70,0,1,0,2,0,1,4,63961
1,77,0,6,0,1,0,2,1,73022
3,120,0,8,0,0,0,1,3,118810
5,161,0,9,0,1,0,1,4,182414
3,124,0,8,0,0,0,1,2,124974
4,151,0,10,0,0,0,3,5,152339
3,112,0,2,0,0,0,2,4,111467
3,112,0,6,0,0,0,2,4,119634
2,89,0,2,0,0,0,1,5,82899
1,71,0,2,0,0,0,2,1,74629
3,108,0,4,0,0,0,2,5,112613
3,120,0,8,0,0,1,2,2,129410
5,159,1,9,0,2,1,3,5,195194
3,113,1,4,0,0,1,2,1,130192
3,127,1,4,0,0,1,2,4,129932
4,137,1,8,0,2,1,3,3,161485
4,143,1,1,0,0,1,1,1,168508
3,128,1,7,0,0,1,2,5,128797
4,129,1,9,0,1,1,1,4,153456
2,100,1,8,1,0,1,2,4,97761
1,75,1,3,0,1,1,2,1,79128
3,124,1,7,0,2,1,1,4,127402
1,75,1,4,0,0,1,1,4,65685
3,108,1,10,0,2,1,1,2,128521
1,69,1,9,0,1,1,2,4,64695
3,123,1,8,0,1,1,2,1,146761
2,106,1,7,0,0,1,2,3,97114
3,113,1,4,0,1,1,1,1,138692
5,162,1,3,0,0,1,3,2,191337
4,139,1,7,0,2,1,3,5,154086
3,117,1,0,1,0,1,1,2,131246
1,74,0,6,0,0,0,2,4,59817
3,117,0,5,0,1,0,2,1,138477
2,101,0,1,0,0,0,2,5,92417
1,78,0,0,0,0,0,1,3,59687
4,147,0,2,0,2,0,2,2,165458
2,100,0,4,0,1,0,1,3,90942
2,94,0,0,0,0,0,2,2,90924
5,169,0,3,0,0,0,3,5,183376
1,69,0,2,0,1,0,2,1,72540
5,155,0,1,0,1,0,2,2,177618
1,77,0,7,0,0,0,1,5,60367
5,165,0,6,0,0,0,3,4,179284
4,152,0,3,1,2,0,3,4,162194
1,77,0,9,0,0,0,2,5,60400
3,109,0,2,0,1,0,1,2,116505
2,104,0,6,0,0,0,2,2,97522
1,73,0,9,0,0,0,1,3,59034
4,130,0,1,0,0,0,1,5,147846
3,121,0,7,0,1,0,2,2,124725
5,152,1,10,1,0,1,2,4,184474
3,119,1,9,0,0,1,2,2,128556
1,81,1,6,0,1,1,2,3,71064
3,120,1,9,0,0,1,2,4,123751
3,104,1,8,1,1,1,1,3,119188
5,156,1,5,0,1,1,2,4,180769
1,65,1,2,0,0,1,1,4,59572
5,161,1,9,0,1,1,1,3,190185
4,133,1,9,0,1,1,1,3,155114
5,168,1,0,0,1,1,2,1,208981
4,134,1,4,1,1,1,2,5,147885
1,69,1,7,0,0,1,2,4,64466
5,151,1,1,0,0,1,2,4,173256
2,102,1,2,0,0,1,1,4,95441
3,123,1,0,0,0,1,2,2,129678
4,140,1,7,1,0,1,3,4,149096
5,161,1,3,0,0,1,2,2,188227
3,118,1,6,0,0,1,1,3,126615
3,117,1,4,0,0,1,2,3,122277
3,124,0,0,1,0,0,1,4,123335
4,140,0,3,0,0,0,3,2,159325
1,73,0,5,0,1,0,1,3,60757
5,152,0,9,0,0,0,3,3,171170
1,75,0,9,0,1,0,1,2,66928
2,90,0,10,0,1,0,1,4,86967
3,110,0,10,0,0,0,2,2,117431
2,100,0,3,1,0,0,1,3,89881
2,100,0,6,0,0,0,1,1,96824
5,145,0,1,0,0,0,1,1,179416
3,111,0,2,0,0,0,1,3,115104
2,99,0,8,0,1,0,1,1,100277
5,155,0,7,0,0,0,2,5,172851
5,152,0,3,0,0,0,3,4,168562
2,98,0,1,0,2,0,2,1,103180
3,108,0,6,0,0,0,1,3,112882
4,133,0,2,0,0,0,2,1,160047
5,152,0,5,1,1,0,1,2,180953
3,118,0,4,0,2,0,2,2,128073
3,108,1,5,0,1,1,2,1,129764
4,134,1,6,0,0,1,2,5,146976
5,157,1,0,0,0,1,2,2,189425
2,97,1,4,0,0,1,2,3,97620
2,85,1,4,1,0,1,1,3,89520
5,150,1,10,0,0,1,2,5,179288
3,111,1,10,0,1,1,1,1,128724
2,103,1,6,0,1,1,1,4,102311
5,162,1,3,0,0,1,2,2,186263
2,104,1,7,0,0,1,2,3,102422
2,101,1,1,0,0,1,2,4,96358
2,93,1,10,0,0,1,1,1,100864
1,84,1,2,0,0,1,2,2,74718
2,102,1,3,0,0,1,1,4,98333
3,108,1,6,0,1,1,1,3,122962
3,108,1,3,0,0,1,2,2,126392
1,82,1,1,0,1,1,1,3,69762
5,152,1,4,1,0,1,2,1,187015
4,138,1,0,1,0,1,1,3,155771
3,123,0,5,0,1,0,2,5,127268
4,124,0,7,0,0,0,1,4,140189
1,82,0,10,0,1,0,2,2,70366
1,85,0,2,1,1,0,2,1,77387
5,160,0,10,0,0,0,3,1,198461
1,83,0,4,1,0,0,1,3,64252
5,151,0,1,0,1,0,2,2,181979
4,152,0,9,0,1,0,3,1,175658
5,166,0,5,0,0,0,3,4,185326
1,72,0,10,0,1,0,2,4,59686
3,124,0,9,0,0,0,2,3,119466
1,87,0,3,0,0,0,2,2,68606
5,149,0,2,0,2,0,1,2,176394
5,155,0,4,0,1,0,1,5,178485
2,108,0,0,0,0,0,2,5,95865
1,80,0,0,0,0,0,2,3,62758
4,144,0,0,0,0,0,1,2,159592
3,117,0,4,0,0,0,2,4,118151
1,82,0,5,0,0,0,1,4,62769
2,107,1,2,0,0,1,2,4,100487
1,71,1,1,0,0,1,2,1,75856
3,118,1,0,0,1,1,1,4,123324
3,120,1,8,0,1,1,2,2,129345
5,144,1,4,1,0,1,1,5,175484
1,85,1,6,1,0,1,2,3,69618
5,144,1,4,0,0,1,1,4,166794
5,165,1,10,0,1,1,3,2,193556
1,68,1,0,0,2,1,2,5,69246
1,75,1,4,0,1,1,1,5,66205
5,165,1,0,0,2,1,3,2,196822
1,74,1,0,0,0,1,1,2,68734
1,81,1,10,0,0,1,1,1,82432
5,154,1,6,0,1,1,2,2,185972
3,104,1,3,0,1,1,1,4,115482
1,81,1,8,0,0,1,1,5,68612
1,87,0,2,0,0,0,2,4,66339
2,106,0,4,0,1,0,2,4,93587
3,118,0,4,0,1,0,1,1,136205
3,115,0,6,0,0,0,2,4,113725
3,121,0,10,0,0,0,2,4,116236
2,93,0,2,0,2,0,2,3,92016
5,152,0,10,0,2,0,2,4,172742
4,136,0,10,0,1,0,3,5,153732
2,88,0,0,0,0,0,1,4,85701
2,104,0,1,0,0,0,1,3,91292
2,93,0,9,0,1,0,1,1,98225
4,142,0,4,0,0,0,1,5,146337
1,79,0,2,0,0,0,1,1,68773
2,99,0,6,0,1,0,2,4,91081
4,138,0,7,0,1,0,2,1,162076
3,115,0,8,0,0,0,1,2,124266
2,91,0,10,0,2,0,1,3,89750
2,106,0,1,0,0,0,2,4,93511
5,154,1,9,0,1,1,1,4,178115
2,93,1,3,0,2,1,2,2,99826
2,106,1,8,0,0,1,2,5,99879
1,66,1,8,0,1,1,1,5,63778
2,93,1,7,0,0,1,2,5,92938
1,86,1,8,0,2,1,2,3,77721
4,139,1,1,0,0,1,1,5,152740
2,86,1,2,0,0,1,1,5,89584
4,136,1,6,0,0,1,2,5,155662
5,159,1,6,0,1,1,1,4,183148
2,100,1,5,1,0,1,2,5,98352
4,147,1,1,0,0,1,2,1,176627
4,144,1,3,0,1,1,1,5,156232
4,141,1,4,0,2,1,3,5,162132
4,142,1,5,0,0,1,3,1,176020
2,101,1,6,0,0,1,2,2,105299
2,88,1,8,0,0,1,1,1,99556
4,148,1,7,0,0,1,3,2,161522
4,132,1,3,0,2,1,2,1,157363
4,135,1,0,0,0,1,2,2,159478
1,70,1,8,0,1,1,2,5,66685
4,133,1,3,0,0,1,2,5,155365
5,158,1,1,0,1,1,2,2,187965
3,109,1,8,1,0,1,2,4,122393
5,152,1,0,0,0,1,2,5,182808
3,127,1,8,0,0,1,2,1,142081
3,122,1,10,0,1,1,2,4,128965
2,97,1,0,0,0,1,2,2,97388
4,135,1,6,0,0,1,1,1,167824
3,108,1,7,0,0,1,2,4,114023
4,127,1,7,0,0,1,1,4,142143
4,127,1,6,0,0,1,1,5,149801
2,97,1,5,0,0,1,1,5,90920
4,150,1,0,0,1,1,3,4,166725
2,102,1,5,0,1,1,1,1,115616
2,107,1,3,0,0,1,2,5,100240
4,149,1,1,0,0,1,3,3,162340
1,74,0,7,0,1,0,1,1,75353
5,156,0,1,0,2,0,3,1,193079
3,110,0,8,1,0,0,1,3,117763
1,74,0,3,0,0,0,2,1,74404
1,77,0,3,1,0,0,1,2,64536
3,115,0,0,1,0,0,1,5,115184
5,165,0,7,1,1,0,3,4,189410
3,128,0,1,0,0,0,2,1,133580
5,163,0,6,0,0,0,1,2,190016
2,99,0,7,1,0,0,2,4,91377
5,164,0,8,0,0,0,2,1,187475
4,126,0,8,0,0,0,1,3,138041
3,114,0,0,0,1,0,2,4,120081
5,160,0,7,0,2,0,1,3,186011
4,143,0,5,0,0,0,1,3,147160
3,123,0,9,0,1,0,1,3,119792
4,133,0,5,0,1,0,2,1,165739
2,97,0,2,0,0,0,1,3,87198
1,81,0,0,0,0,0,2,5,62944
4,135,1,6,0,1,1,3,5,161572
2,104,1,3,0,1,1,2,1,114423
5,148,1,6,0,2,1,2,4,184450
4,135,1,1,0,0,1,3,5,157413
1,66,1,5,0,0,1,1,3,58519
1,71,1,0,0,1,1,1,2,69824
1,79,0,7,0,0,0,2,1,77178
3,105,0,10,0,0,0,1,4,111711
5,147,0,0,1,1,0,1,5,176053
5,145,0,9,0,1,0,1,4,170528
2,104,0,8,0,0,0,2,3,93930
1,69,0,8,0,1,0,1,5,60896
5,162,0,0,0,1,0,2,1,198627
3,122,0,8,0,1,0,1,5,119320
3,123,0,8,0,0,0,1,2,126137
5,172,0,10,0,1,0,3,2,194729
4,135,0,8,0,2,0,2,1,161395
2,89,0,5,0,0,0,1,1,97809
4,135,0,0,0,0,0,1,5,143417
4,133,0,7,0,0,0,3,2,145934
5,148,0,0,0,1,1,1,2,186356
3,128,1,5,1,0,1,2,1,142428
2,104,1,3,1,0,1,1,2,101734
4,142,1,2,0,1,1,3,1,170380
4,143,1,5,0,1,1,2,3,157161
3,111,1,5,0,0,1,2,5,120160
1,77,1,4,0,1,1,2,1,80125
5,162,1,4,0,1,1,1,3,190684
4,145,1,9,0,0,1,3,2,162045
4,147,1,6,0,1,1,3,2,168367
1,71,1,2,1,0,1,1,2,66977
5,165,1,3,0,1,1,3,5,195725
1,79,1,10,0,2,1,2,1,87660
2,97,1,7,0,2,1,1,3,100385
2,101,1,3,0,0,1,1,3,95012
5,151,1,8,0,0,1,1,5,173015
3,116,1,8,0,1,1,2,1,143348
1,81,1,1,0,0,1,1,3,69077
5,146,1,7,0,0,1,1,4,181091
1,71,1,4,0,0,0,1,5,58119
4,145,0,10,0,0,0,3,3,149215
3,121,0,6,0,1,0,1,4,122705
4,138,0,9,0,1,0,2,4,146291
3,125,0,5,0,0,0,2,4,123042
3,122,0,3,0,0,0,1,1,134552
1,71,0,10,0,0,0,1,2,59698
4,147,0,0,0,0,0,2,2,158232
1,86,0,10,0,0,0,2,5,64705
1,79,0,9,0,2,0,2,4,68064
2,93,0,7,0,0,0,2,2,89289
5,162,0,8,0,0,0,1,4,177833
1,66,0,2,0,1,0,1,4,58054
3,115,0,7,0,1,0,2,5,115163
4,135,0,5,0,0,0,1,4,142782
5,148,0,8,0,2,0,2,5,181951
5,167,0,8,0,2,0,2,2,192958
3,112,1,6,1,0,1,1,2,122181
2,97,1,9,0,0,1,1,2,100310
2,104,1,9,0,0,1,2,2,100220
4,135,1,1,0,1,1,3,3,149640
1,78,1,8,0,0,1,1,5,65823
5,150,1,1,0,2,1,1,3,182376
5,171,1,1,0,0,1,3,1,203566
4,141,1,3,0,0,1,1,5,151512
2,89,1,4,0,0,1,2,1,97856
5,163,1,9,0,0,1,1,5,177161
4,138,1,7,0,1,1,2,5,159169
2,97,1,9,0,0,1,2,5,95944
4,136,1,7,1,1,1,2,2,157517
4,143,1,3,0,1,1,1,3,158063
4,137,0,8,1,0,0,1,2,151788
2,105,0,4,0,1,0,2,3,96535
3,122,0,1,0,1,0,2,2,131376
3,124,0,6,0,0,0,2,2,128004
1,69,0,1,0,1,0,2,3,60370
4,129,0,10,0,0,0,2,2,148889
3,111,0,0,0,1,0,1,1,126315
1,72,0,7,0,0,0,1,2,62811
4,141,0,9,0,0,0,1,1,155571
2,100,0,1,0,0,0,2,4,90854
3,113,0,3,0,0,0,1,1,124726
4,146,0,10,0,0,0,3,4,154995
4,132,0,5,0,0,0,2,3,140838
3,105,0,8,0,0,0,1,1,123708
4,141,0,9,0,1,0,1,4,156305
2,101,0,9,0,0,0,2,2,93140
5,166,0,1,0,1,0,3,2,191355
5,157,0,2,0,1,0,3,5,175825
5,157,0,9,1,2,0,3,2,182542
2,99,1,5,1,0,1,2,4,99422
5,150,1,10,0,0,1,1,2,173716
3,111,1,3,0,1,1,1,1,139462
1,69,1,9,1,0,1,2,3,63348
3,119,1,8,0,0,1,1,4,128257
1,76,1,1,0,0,1,1,3,65232
5,148,1,8,0,1,1,2,1,192890
4,125,1,1,0,0,1,1,1,159542
2,103,1,3,0,0,1,1,1,113096
2,102,1,3,0,0,1,1,4,99046
2,95,1,0,0,1,1,1,2,102751
5,158,1,9,0,0,1,2,4,184064
4,128,1,6,0,0,1,1,2,156163
1,82,1,10,0,0,1,1,2,71405
2,97,1,4,0,0,1,1,3,95543
3,112,1,0,0,0,1,1,1,139621
1,77,1,9,0,0,1,2,4,67266
3,108,1,2,0,0,1,1,5,115192
2,104,1,2,0,0,1,1,1,109981
2,97,1,10,1,1,0,1,2,96352
5,161,0,1,0,1,0,3,2,181596
1,81,0,5,0,2,0,2,4,69138
2,93,0,9,0,0,0,1,1,96793
3,111,0,7,0,2,0,1,3,124240
4,132,0,2,0,0,0,3,1,159873
4,143,0,8,0,2,0,1,4,148091
5,168,0,1,0,0,0,2,5,183597
5,158,0,0,0,0,0,3,4,169798
1,81,0,7,0,0,0,2,2,68956
1,73,0,0,0,0,0,2,4,59936
1,68,0,6,0,0,0,2,4,54559
2,98,0,0,0,1,0,2,1,109160
5,148,0,0,0,1,0,1,3,172595
1,71,0,0,1,0,0,2,3,59374
5,159,0,0,0,0,0,3,1,193610
3,113,0,4,0,0,0,2,2,117763
5,155,0,5,0,0,0,1,1,193393
1,72,0,8,0,0,0,1,5,57942
5,157,0,1,1,1,0,3,2,178864
4,134,1,0,0,1,1,1,4,152729
5,166,1,4,0,2,1,2,5,189764
4,129,1,1,0,2,1,1,3,149397
4,146,1,0,0,0,1,2,2,158157
4,133,1,4,0,0,1,2,1,168420
1,74,1,1,0,1,1,2,1,77209
1,84,1,0,1,2,1,1,1,84579
2,88,1,3,0,0,1,1,5,89549
2,98,1,2,0,0,1,2,1,110128
5,160,1,0,0,1,1,2,3,188152
2,100,1,1,0,0,1,2,5,93509
3,122,1,10,1,0,1,1,5,121070
1,80,1,0,0,0,1,1,5,66484
4,134,1,6,0,1,1,2,5,146948
1,85,1,5,0,0,1,2,5,71005
2,100,1,7,0,0,1,2,3,95660
2,101,1,1,0,1,1,2,2,105222
4,125,1,7,0,1,1,1,5,142657
2,104,1,9,0,1,1,2,3,100138
4,150,0,9,0,0,0,3,4,154644
4,135,0,10,0,0,0,2,3,149250
1,79,0,8,0,1,0,1,5,63128
4,141,0,10,0,0,0,3,2,157756
4,134,0,10,0,0,0,2,5,142991
1,69,0,9,0,1,0,1,5,58537
2,99,0,9,0,0,0,2,4,88618
1,69,0,1,0,0,0,1,4,58084
2,88,0,1,1,1,0,1,2,88541
1,74,0,1,0,1,0,2,3,61664
1,88,0,1,0,1,0,2,2,75775
3,120,0,5,0,0,0,2,3,116997
1,76,0,1,0,1,0,2,3,63085
2,96,0,8,0,2,0,2,2,96781
1,72,0,0,0,0,0,2,5,59108
3,115,0,3,0,2,0,2,2,126855
4,127,0,8,0,2,0,1,1,153284
3,112,0,3,0,2,0,2,1,132236
4,142,1,4,0,0,1,3,1,165061
5,171,1,10,0,0,1,3,5,187953
3,115,1,0,0,0,1,1,1,135182
5,165,1,6,0,1,1,2,3,188337
2,84,1,1,0,0,1,1,5,87516
3,112,1,10,0,0,1,2,3,121090
5,172,1,8,0,1,1,3,3,190525
3,114,1,7,0,0,1,2,1,135413
2,107,1,8,0,0,1,2,4,97095
4,144,1,1,0,1,1,3,4,158691
1,82,1,8,0,0,1,2,1,79806
2,86,1,3,0,0,1,1,4,89058
4,144,1,4,0,0,1,2,2,163863
2,92,1,10,0,1,1,1,5,93224
2,94,1,7,0,0,1,2,3,96852
1,79,1,4,0,1,1,1,2,76937
2,97,1,5,0,0,1,2,2,100468
1,77,1,9,1,0,1,2,4,65944
4,135,0,5,0,0,0,1,4,140999
2,95,0,8,0,0,0,2,4,91258
5,164,0,9,0,0,0,3,1,191114
2,98,0,8,1,2,0,2,1,111635
1,75,0,6,0,0,0,1,4,60003
5,153,0,7,0,2,0,2,3,180376
3,117,0,7,0,0,0,1,4,114375
5,166,0,5,0,0,0,2,3,185726
4,124,0,4,0,0,0,1,3,140419
2,108,0,3,0,1,0,2,3,95107
5,154,0,9,0,0,0,2,3,170867
2,85,0,10,0,2,0,1,2,91753
1,75,0,6,1,1,0,1,2,67569
2,102,0,5,0,0,0,2,5,91276
1,79,0,2,0,1,0,1,2,68114
3,112,0,10,0,0,0,1,5,118932
2,98,0,0,0,0,0,2,5,86927
2,96,0,7,0,1,0,1,1,100866
4,133,1,9,0,1,1,1,1,168099
1,74,1,6,0,0,1,1,1,76403
5,161,1,8,0,0,1,1,1,191622
2,96,1,9,0,0,1,2,1,108417
4,147,1,2,0,0,1,2,1,169210
4,126,1,10,0,0,1,1,5,142180
4,127,1,3,0,1,1,1,5,144315
3,120,1,7,0,1,1,2,3,124404
1,70,1,4,0,0,1,2,5,62393
5,148,1,6,0,0,1,1,4,179476
1,69,1,10,0,1,1,1,5,64584
5,163,1,7,0,0,1,2,1,191733
4,139,1,1,1,2,1,3,4,158656
2,99,1,7,0,0,1,1,5,94508
3,124,1,7,0,0,1,1,3,127891
3,113,1,3,0,0,1,1,5,117425
1,66,1,9,0,0,1,1,4,61758
5,155,1,1,0,0,1,3,3,187703
1,76,1,5,0,0,1,2,3,66119
5,150,0,6,0,0,0,2,5,169405
5,152,0,5,0,0,0,2,2,174558
2,94,0,6,0,2,0,1,4,94342
1,78,0,10,0,1,0,1,2,69095
1,71,0,9,1,1,0,2,2,65321
4,148,0,0,1,2,0,3,4,158642
5,151,0,2,0,1,0,2,1,186992
4,149,0,0,0,2,0,3,5,153103
2,104,0,4,0,2,0,1,1,109404
1,75,0,6,1,1,0,1,2,64912
4,152,0,2,0,0,0,3,1,167031
5,169,0,3,1,0,0,3,5,180062
3,109,0,7,0,1,0,1,5,113898
2,107,0,8,0,0,0,2,4,95216
4,130,0,2,0,0,0,2,3,139423
3,123,0,6,0,1,0,2,5,122194
3,107,0,8,1,0,0,1,2,117463
5,155,0,2,1,0,0,2,3,177233
1,65,0,2,1,2,0,1,5,58952
5,161,1,3,0,0,1,2,4,186598
3,113,1,10,0,1,1,2,1,130684
1,79,1,6,0,1,1,1,4,69812
3,126,1,1,1,1,1,2,3,129905
2,84,1,9,0,0,1,1,5,90505
2,107,1,9,0,0,1,2,2,106238
5,163,1,2,0,1,1,2,5,181820
2,91,1,6,1,0,1,2,5,94844
3,114,1,10,0,2,1,2,4,126764
1,69,1,6,0,2,1,2,5,68838
5,167,1,0,0,2,1,2,4,198047
3,123,1,6,0,0,1,2,1,135671
3,108,1,2,0,0,1,1,4,120798
1,79,1,8,0,0,1,1,2,69601
2,91,1,10,0,1,1,2,5,95979
2,103,1,3,0,0,1,1,2,100370
2,103,1,5,0,2,1,2,1,122399
2,85,1,1,0,1,1,1,3,91527
2,84,1,7,0,0,1,1,1,99908
3,115,0,10,0,1,0,1,2,121201
4,143,0,3,0,0,0,2,1,158752
3,113,0,4,0,1,0,1,4,117424
4,141,0,8,0,1,0,3,1,167638
2,102,0,6,0,0,0,2,4,90070
5,158,0,5,0,1,0,3,4,180565
3,127,0,3,0,0,0,2,5,125166
4,129,0,1,0,2,0,2,3,148763
1,74,1,1,0,2,1,1,1,84304
3,126,1,9,0,0,1,2,1,141951
5,147,1,5,0,1,1,1,2,186429
2,105,1,10,0,1,1,2,1,114753
4,128,1,7,0,0,0,2,4,141034
2,106,0,0,0,0,0,2,3,91992
2,99,0,8,0,0,0,2,1,106078
2,105,0,9,0,0,0,2,2,96349
2,90,0,6,0,1,0,2,3,86205
3,108,0,10,0,0,0,1,4,110533
2,96,0,10,0,1,0,2,1,105571
3,111,0,8,0,0,0,2,1,124227
5,159,0,1,0,1,0,3,5,181377
1,68,1,6,0,1,1,2,2,69787
5,155,1,6,1,0,1,2,4,173368
2,100,1,7,0,1,1,2,4,103102
2,91,1,4,0,0,1,1,2,94872
1,72,1,5,0,2,1,2,5,70774
5,160,1,3,0,0,1,2,3,181588
3,107,1,6,0,0,1,1,2,122793
3,116,1,2,0,0,1,1,3,122603
4,133,1,2,0,1,1,3,3,150892
4,147,1,1,0,0,1,2,1,170725
1,73,1,5,0,1,1,1,3,64587
1,69,1,6,0,0,1,1,1,76395
2,88,0,4,0,0,0,2,3,82259
2,100,0,1,0,1,0,1,1,107031
2,87,0,8,1,2,0,1,5,87151
4,147,0,6,1,1,0,2,1,171201
4,141,0,9,0,0,0,2,4,150633
3,110,0,8,0,2,0,2,3,121052
3,126,0,0,0,0,0,2,2,128273
3,109,0,6,0,0,0,2,3,110615
5,160,0,8,0,1,0,3,2,179695
3,114,0,10,0,1,0,1,5,120937
5,163,0,5,0,2,0,1,5,184042
4,139,0,5,0,0,0,2,1,164726
2,93,0,7,0,0,0,1,1,104501
5,165,0,3,0,0,0,2,4,171959
4,145,0,3,0,1,0,3,3,157715
1,81,0,4,0,1,0,1,5,63186
2,106,0,4,0,0,0,2,5,95037
4,127,0,7,0,1,0,1,5,149198
1,88,0,6,0,0,0,2,1,82724
5,161,0,0,0,0,0,2,3,172535
3,111,0,6,1,1,0,1,3,114053
3,112,0,7,0,0,0,2,2,115230
4,143,0,5,0,2,0,1,1,168714
4,142,0,10,0,0,0,3,3,146548
1,79,0,0,0,0,0,2,3,62891
1,77,0,8,0,2,0,1,3,64730
5,155,0,2,1,1,1,2,5,176420
1,86,1,2,0,0,1,2,4,69937
4,137,1,8,0,1,1,1,3,149274
3,107,1,0,0,1,1,1,2,124369
4,127,1,1,1,0,1,1,1,150457
4,138,1,5,0,0,1,2,4,152217
4,151,1,3,0,0,1,3,5,161719
5,168,1,9,0,0,1,3,1,198704
2,94,1,10,0,0,1,1,5,95015
5,156,1,8,0,1,1,3,4,181100
1,87,1,5,0,0,1,2,4,71589
2,95,1,8,0,1,1,2,1,114844
3,122,1,6,0,1,1,1,2,132832
1,73,1,3,0,1,1,1,2,70180
3,114,0,2,0,1,0,2,3,119329
1,76,0,8,0,1,0,1,1,75870
5,163,0,10,0,0,0,2,5,173111
4,131,0,4,0,0,0,1,5,136701
3,110,0,3,0,0,0,1,4,112009
4,129,0,5,0,1,0,2,1,157990
4,135,0,10,1,0,0,3,4,150039
5,156,0,9,0,0,0,3,1,183462
4,133,0,3,0,0,0,3,4,145089
1,75,0,10,0,1,0,1,2,64619
4,136,0,10,0,0,0,3,2,150346
3,120,0,1,0,0,0,1,5,113655
3,125,0,4,0,2,0,2,5,127993
4,139,0,3,1,1,1,1,4,158779
3,120,1,4,1,2,1,2,2,137245
3,105,1,2,0,0,1,1,1,130925
2,88,1,8,0,1,1,2,5,96102
4,134,1,6,0,2,1,1,3,155419
1,78,1,9,0,0,1,1,5,66735
2,91,1,4,0,0,1,1,5,91220
3,117,1,10,1,0,1,1,2,128490
5,156,1,6,0,0,1,2,3,178804
4,151,1,4,0,2,1,3,3,163633
2,94,1,8,0,0,1,2,5,90433
3,125,0,4,0,1,0,2,3,123806
1,76,0,9,0,0,0,2,3,60773
2,108,0,10,0,0,0,2,1,110639
2,91,0,4,0,1,0,2,3,87602
1,71,0,0,0,0,0,2,1,65473
3,111,0,7,1,0,0,2,5,115821
3,110,0,3,0,0,0,2,1,134404
4,129,0,2,0,0,0,1,1,154979
2,106,0,6,0,0,0,2,3,93784
5,156,0,10,0,1,0,3,4,178545
3,111,0,2,0,1,0,2,1,126505
3,120,0,8,0,0,0,2,1,133879
5,163,0,4,0,0,0,2,2,186390
4,137,0,4,0,1,1,2,5,149927
3,108,1,1,0,0,1,2,5,119279
2,91,1,5,0,0,1,1,4,89369
1,84,1,5,0,1,1,1,4,72004
4,143,1,2,0,1,1,3,2,163183
1,86,1,2,0,0,1,2,2,77392
2,103,1,1,0,1,1,2,2,107297
1,64,1,9,0,1,1,1,4,62153
5,151,1,1,0,0,1,1,3,175633
5,159,1,0,0,1,1,1,4,177717
4,137,1,6,0,0,1,3,1,170900
5,167,1,10,0,1,1,2,1,198947
1,81,1,4,0,0,1,2,2,74435
4,139,1,7,0,1,1,2,2,166120
1,70,0,3,0,2,0,1,3,63423
4,146,0,4,0,1,0,2,3,159545
2,104,0,0,0,2,0,2,1,109912
3,109,0,2,0,1,0,2,3,112229
3,128,0,7,0,1,0,2,4,125825
1,71,0,8,0,0,0,2,5,58337
3,114,0,0,1,0,0,1,4,118424
3,115,0,1,0,0,0,1,2,117250
1,79,0,9,0,0,0,1,5,61101
1,83,0,9,0,1,0,1,2,68344
5,167,0,5,0,0,0,2,3,185044
2,89,0,2,0,0,0,2,3,83024
3,121,0,9,0,1,0,2,5,126372
1,69,1,2,0,2,1,2,1,82901
2,98,1,1,1,2,1,1,5,98187
5,168,1,5,0,2,1,3,2,195441
4,137,1,10,0,2,1,3,2,158272
2,89,1,2,0,1,1,2,1,107456
3,121,1,9,0,1,1,2,1,140945
2,104,1,0,0,0,1,2,3,99509
4,137,1,4,0,0,1,3,1,158681
3,128,1,10,0,2,1,2,2,139900
5,156,1,4,0,1,1,1,5,186452
4,130,1,2,0,0,1,2,3,146026
5,161,1,1,0,0,1,2,4,183676
4,129,1,1,0,1,1,2,4,155033
2,103,0,1,0,0,0,2,1,105426
5,158,0,4,1,0,0,1,5,170201
2,95,0,8,0,1,0,1,5,91681
1,72,0,10,0,1,0,2,3,61607
4,129,0,3,1,2,0,2,1,163716
2,88,0,6,0,0,0,1,4,85100
1,65,0,1,0,1,0,1,4,55981
5,163,0,5,0,1,0,3,4,183012
3,115,0,7,1,2,0,2,3,126525
5,157,0,3,0,0,0,1,5,180182
4,144,0,1,0,1,0,1,5,147267
4,152,0,5,0,0,0,3,3,160844
2,96,0,6,0,1,0,2,1,101390
1,84,0,1,0,0,0,1,1,79475
3,115,0,7,0,2,0,2,5,121521
4,137,0,5,0,0,0,2,2,156201
1,80,0,9,0,0,1,2,1,79771
3,122,1,10,0,0,1,2,2,131521
2,93,1,1,0,1,1,1,3,96303
4,140,1,2,0,1,1,1,5,158930
5,162,1,5,0,0,1,1,5,183801
4,126,1,1,0,0,1,1,1,162714
4,149,1,3,0,1,1,3,2,166757
1,68,1,0,0,0,1,2,1,76591
4,140,1,8,0,1,1,3,5,157091
5,153,1,5,0,0,1,2,5,173955
1,86,1,6,0,0,1,2,4,69322
1,79,1,8,0,1,1,1,3,71828
4,135,1,9,0,1,1,3,4,156070
5,149,1,7,0,0,1,2,1,194167
1,79,1,5,0,0,1,1,2,70995
1,77,1,5,0,1,1,1,1,81801
5,155,1,10,0,0,1,2,5,175038
1,80,1,6,0,0,1,1,5,67153
3,111,1,7,0,1,1,1,2,124212
4,131,1,4,0,2,0,1,3,151905
3,120,0,2,0,0,0,2,3,116410
2,95,0,1,0,0,0,2,2,91819
4,128,0,7,0,0,0,2,1,164286
3,114,0,3,0,0,0,1,1,127822
5,149,0,3,0,0,0,2,2,177759
1,84,0,4,0,0,0,2,3,64243
5,153,0,2,0,0,0,3,5,174743
4,127,0,6,0,0,0,1,4,135777
3,109,0,5,0,0,0,2,5,114344
1,71,0,5,0,1,0,1,2,65976
2,103,0,7,0,1,0,2,2,102776
2,90,0,1,0,0,0,2,2,87828
3,125,1,4,0,0,1,2,5,128222
5,156,1,0,0,0,1,3,4,188471
2,88,1,4,1,1,1,1,3,93826
2,100,1,2,0,1,1,2,3,97645
4,126,1,1,0,1,1,1,4,154049
3,119,1,7,0,0,1,2,3,128483
2,101,1,10,1,1,1,2,4,102092
3,107,1,9,0,1,1,1,4,117420
5,156,1,5,0,0,1,3,2,190895
3,113,1,2,0,1,1,2,5,120274
4,140,1,10,0,0,1,2,4,156833
4,137,1,8,0,1,1,3,3,156856
4,141,1,6,0,1,1,3,2,163555
5,169,0,2,0,1,0,3,5,185803
2,101,0,9,0,1,0,2,3,95591
4,146,0,3,0,0,0,2,2,158028
4,144,0,0,0,0,0,2,3,153798
5,162,0,8,0,1,0,1,5,173968
4,134,0,7,1,0,0,1,5,147884
1,73,0,10,0,0,0,2,4,56936
5,161,0,3,0,1,0,3,2,188112
2,107,0,3,0,0,0,2,5,92912
2,95,0,2,0,2,0,2,1,105489
3,122,0,1,0,0,0,1,4,122720
1,74,0,8,0,1,0,1,3,61930
5,154,0,7,0,1,0,2,2,173211
2,102,1,1,0,1,1,2,1,112955
1,73,1,2,0,1,1,2,3,68111
4,145,1,6,0,2,1,3,3,165057
3,104,1,3,1,0,1,1,5,120850
4,134,1,9,0,1,1,2,5,155422
1,64,1,0,0,1,1,1,1,71189
5,145,1,1,0,0,1,1,3,168083
2,86,1,3,0,1,1,1,3,92042
3,124,1,1,0,1,1,2,3,134381
4,143,1,7,0,1,1,1,3,158969
1,70,1,2,0,0,1,1,2,65210
2,92,0,5,0,1,0,1,1,103104
5,162,0,9,0,2,0,2,2,182613
1,87,0,1,0,0,0,2,5,64840
3,106,0,7,0,1,0,1,5,114805
1,82,0,7,0,0,0,2,3,64657
4,130,0,7,0,0,0,2,5,140914
2,108,0,10,1,0,0,2,1,106425
4,132,0,1,0,0,0,2,5,140114
2,99,0,3,1,1,0,2,5,92495
5,152,0,8,0,0,0,2,3,167786
3,109,0,9,1,0,0,2,1,131894
4,139,0,1,0,1,0,1,3,143381
3,118,0,0,0,1,0,2,5,117162
3,127,0,8,0,0,1,2,1,142161
5,155,1,4,0,0,1,2,5,179627
5,160,1,7,0,0,1,1,2,181373
2,100,1,6,0,0,1,2,3,93261
5,158,1,8,0,1,1,1,3,176981
5,164,1,9,0,0,1,2,2,192981
2,104,1,7,0,0,1,1,1,107776
4,141,1,0,0,2,1,1,3,163520
2,98,0,3,1,0,0,1,4,90420
1,81,0,9,1,1,0,1,1,80874
4,151,0,1,0,0,0,3,5,156460
4,132,0,7,0,0,0,3,4,139946
2,90,0,8,0,0,0,1,5,87836
3,113,0,10,0,2,0,2,5,117558
3,114,0,0,0,1,0,1,5,118417
5,160,0,1,0,0,0,1,2,172779
5,161,0,4,0,2,0,3,3,185501
5,150,1,3,0,0,1,1,1,190493
2,84,1,8,1,1,1,1,2,93963
3,118,1,2,0,0,1,1,1,131894
5,157,1,7,0,1,1,1,2,189556
1,80,1,8,1,0,1,2,4,66907
3,114,1,9,0,1,1,2,1,143356
1,70,1,8,0,0,1,2,1,78988
3,112,1,8,0,0,1,2,2,125635
1,79,1,1,0,1,1,2,5,69899
3,123,1,6,0,1,1,2,2,135237
5,150,1,10,0,2,1,1,2,187962
4,130,1,4,0,2,1,2,5,152160
5,165,1,7,0,0,1,2,2,197534
3,116,0,3,0,0,0,2,5,118419
5,153,0,1,0,0,0,2,3,176789
2,98,0,7,0,2,0,1,2,98710
3,113,0,9,1,1,0,1,3,122165
2,91,0,7,0,0,0,1,5,86364
3,114,0,6,0,0,0,2,4,119753
4,130,0,8,0,1,0,1,1,150757
5,166,0,2,0,0,0,3,3,187439
3,117,0,5,0,1,0,2,1,130967
2,92,0,1,0,0,0,1,1,96753
2,90,0,7,0,0,0,2,5,84310
3,122,0,3,1,1,0,1,5,126304
1,73,0,2,0,2,0,2,2,67411
4,131,1,4,0,0,1,1,4,148726
1,66,1,10,1,1,1,1,4,63114
3,127,1,10,0,0,1,2,3,129909
3,110,1,5,0,1,1,2,4,125942
4,137,1,1,0,1,1,2,5,151228
4,136,1,5,0,0,1,1,3,152693
1,71,1,9,0,1,1,1,3,64870
1,70,1,0,0,2,1,1,4,68060
5,152,1,7,0,1,1,1,3,176971
2,99,1,1,0,1,1,1,1,110940
5,160,1,5,0,0,1,2,5,187121
5,168,1,2,0,0,1,2,1,204004
5,163,1,4,0,1,1,1,1,203639
5,162,1,6,0,0,1,1,4,185401
1,79,0,4,0,0,0,2,4,60502
5,157,0,4,0,1,0,2,4,175622
3,124,0,3,1,0,0,1,5,119007
1,72,0,1,0,0,0,1,1,66882
5,156,0,6,0,1,0,1,1,189896
4,152,0,6,0,0,0,3,4,153858
2,102,0,9,1,0,0,2,2,94752
4,135,0,7,0,1,0,3,5,150957
5,155,0,2,0,0,0,3,5,177973
4,135,0,10,0,0,0,1,3,144884
3,104,0,6,0,0,0,1,4,107177
2,108,0,7,0,1,0,2,1,112278
3,118,0,5,1,0,0,2,5,114665
3,120,0,7,0,0,0,1,3,115690
1,70,1,8,0,0,1,1,1,71798
5,147,1,6,0,1,1,1,5,176662
5,158,1,3,1,1,1,2,4,182803
1,73,1,4,0,1,1,1,4,65934
4,146,1,8,0,1,1,2,5,155169
3,121,1,2,0,0,1,1,2,130197
5,167,1,9,0,1,1,2,5,196919
2,91,1,7,0,1,1,2,2,100954
4,148,1,10,0,0,1,3,1,165852
4,129,1,7,1,0,1,1,4,146461
1,81,1,5,0,0,1,1,5,68593
5,152,1,9,0,0,1,3,3,175507
1,79,0,4,0,0,0,2,4,63476
3,115,0,3,0,1,0,2,5,123441
1,65,0,5,0,0,0,1,5,54430
5,159,0,9,0,1,0,1,5,178871
1,83,0,2,0,0,0,1,5,63016
4,150,0,6,0,1,0,3,3,152588
1,77,0,0,0,0,0,1,5,58019
5,157,0,8,0,0,0,3,2,174302
5,152,0,0,0,0,0,2,1,190198
3,122,0,3,0,2,0,1,5,121851
3,123,0,1,0,0,0,2,5,123020
2,92,0,2,1,0,0,1,1,104396
5,157,0,6,0,1,0,2,2,176887
3,114,0,1,0,2,0,1,5,122670
3,115,0,10,0,1,0,2,2,123772
1,76,0,7,0,0,0,2,2,66350
4,144,0,6,0,0,0,1,4,142702
2,96,0,0,0,1,0,2,3,94588
4,137,0,7,0,0,0,1,5,142945
5,168,0,7,0,1,0,2,2,194064
5,164,0,9,0,1,0,3,3,187997
4,147,1,9,0,0,1,2,1,172460
1,69,1,9,0,0,1,2,1,76190
2,90,1,6,0,0,1,2,1,103626
1,77,1,8,0,0,1,2,4,67103
5,157,1,0,0,0,1,3,1,188484
3,124,1,7,0,0,1,2,1,144830
5,161,1,9,0,1,1,3,1,198644
5,149,1,10,0,0,1,1,4,181624
5,154,1,6,0,0,1,2,1,196845
3,118,1,5,0,0,1,2,3,125962
4,151,1,7,1,0,1,3,5,154303
2,104,1,5,0,0,1,1,3,94944
1,80,1,10,0,1,1,1,5,70087
5,158,1,5,0,0,1,2,1,190394
5,151,1,8,0,0,1,2,1,194372
5,166,1,8,0,1,1,3,3,189730
3,123,1,1,0,1,1,1,5,124547
5,147,1,7,0,1,1,1,2,186773
2,93,0,3,0,0,0,1,1,105459
1,79,0,8,1,2,0,1,2,71812
2,94,0,9,0,0,0,1,2,87493
4,137,0,2,0,0,0,3,4,149414
4,138,0,3,1,0,0,2,2,153836
3,127,0,9,0,0,0,2,4,121104
5,163,0,5,1,0,0,2,3,179090
5,153,0,4,0,1,0,3,4,170713
5,163,0,3,0,1,0,2,1,191445
3,112,0,9,1,1,0,1,3,119737
5,164,1,6,0,0,1,1,4,180541
2,95,1,3,0,0,1,2,5,96740
5,154,1,7,0,0,1,3,3,174812
3,117,1,6,0,0,1,2,1,138217
5,154,1,4,0,0,1,3,3,185650
2,90,1,8,0,0,1,1,4,91404
3,112,1,3,1,0,1,2,5,119790
2,92,1,2,0,1,1,1,1,109210
3,120,1,10,0,2,1,2,3,131028
3,104,1,1,0,1,1,1,3,118662
2,89,1,6,0,0,1,2,4,90775
1,84,1,0,0,0,1,2,3,70781
3,111,1,8,1,1,1,2,2,130069
1,75,1,6,1,0,1,2,2,68633
5,152,0,3,0,0,0,3,5,174023
3,106,0,7,0,1,0,1,4,109829
3,114,0,8,0,0,0,1,1,122514
2,84,0,10,0,0,0,1,1,97866
1,73,0,10,0,1,0,1,5,61207
2,104,0,2,1,2,0,2,2,98890
1,70,0,5,1,1,0,2,4,59241
4,137,0,9,0,0,0,1,2,157100
1,64,0,5,0,0,0,1,3,52202
1,80,0,6,0,2,0,1,3,66529
2,90,0,8,0,1,0,2,5,86173
2,91,0,9,0,1,0,1,1,104841
1,74,0,8,0,0,0,1,3,59348
4,139,1,0,0,0,1,1,5,157551
2,101,1,0,0,2,1,1,2,107672
4,141,1,7,0,1,1,3,1,172026
4,147,1,9,0,1,1,3,5,167643
3,110,1,5,0,1,1,1,4,118793
2,95,1,7,0,0,1,1,2,95556
4,136,1,5,0,0,1,3,5,150809
1,64,1,1,1,0,1,1,3,60610
2,89,1,5,1,0,1,2,3,92159
5,158,1,0,0,0,1,2,5,184824
1,86,1,5,0,1,1,2,4,74039
5,160,1,5,0,1,1,3,3,189397
2,99,0,8,0,1,0,2,3,93144
2,100,0,1,0,1,0,2,1,110094
2,98,0,0,0,1,0,1,5,95190
4,131,0,9,0,2,0,2,4,142841
3,111,0,8,1,0,0,1,5,113561
3,121,0,4,0,1,0,1,2,122618
4,133,0,9,0,0,0,1,3,146853
4,141,0,4,0,0,0,1,5,143295
3,127,0,8,1,2,0,2,2,134712
2,100,0,3,0,1,0,2,4,92741
4,144,0,8,0,1,0,2,3,153623
5,165,0,10,0,2,0,3,1,190403
4,128,0,1,0,1,0,1,5,139224
5,158,1,7,0,0,1,1,4,178510
4,143,1,3,0,0,1,1,4,152205
4,139,1,10,0,1,1,2,4,154859
5,163,1,0,0,0,1,3,5,181281
1,69,1,1,0,1,1,2,4,66307
1,69,1,9,0,1,1,1,1,77133
1,68,1,1,0,1,1,1,2,68734
3,123,1,7,0,1,1,2,3,128353
5,149,1,6,0,1,1,1,4,184602
5,164,1,7,0,0,1,1,3,183647
2,103,1,4,1,1,1,2,4,102767
3,112,0,3,0,1,0,2,2,119148
4,146,0,8,0,0,0,2,2,157088
3,119,0,7,0,2,0,1,2,125561
4,134,0,1,0,1,0,3,1,157232
1,70,0,1,0,0,0,1,2,60108
4,138,0,1,0,1,0,2,3,147125
5,161,0,2,0,1,0,2,1,187993
5,148,0,3,0,0,0,1,1,179730
1,75,0,3,0,1,0,1,2,65441
3,126,0,3,0,0,0,2,1,139416
1,76,0,3,0,0,0,1,4,61554
4,133,0,8,0,1,0,3,3,148082
2,101,1,8,0,0,1,2,5,97878
1,69,1,5,0,2,1,2,1,83951
3,117,1,10,0,0,1,2,4,123350
3,110,1,5,0,0,1,1,5,118716
4,144,1,3,0,2,1,2,3,157620
4,139,1,8,0,1,1,3,1,165822
5,162,1,5,0,2,1,1,2,187733
4,137,1,5,0,1,1,1,1,165336
5,153,1,4,1,0,1,2,3,182930
4,134,1,2,0,0,1,1,3,148211
3,105,1,9,0,0,1,1,2,124434
2,95,1,7,0,1,1,2,1,104130
4,133,1,5,0,0,1,1,2,154268
5,160,1,7,0,1,1,1,2,194983
2,94,0,8,0,1,0,1,5,88828
3,113,0,8,0,0,0,1,2,121515
3,116,0,10,0,1,0,2,2,128970
1,80,0,4,0,0,0,2,1,76728
4,142,0,8,0,0,0,2,3,149462
4,131,0,7,1,1,0,2,2,147225
1,72,0,9,0,0,0,2,5,59570
4,145,0,8,0,1,0,3,2,153788
3,116,0,10,0,0,0,1,3,117770
5,152,0,1,0,0,0,1,5,179036
1,79,0,6,0,0,0,2,4,59863
5,147,0,1,0,1,0,1,5,167605
4,129,0,9,0,1,0,1,3,143676
3,108,0,3,0,0,0,1,2,114235
2,90,0,1,0,0,0,2,4,86008
5,145,0,4,0,1,0,1,3,176730
2,92,1,3,0,1,1,2,1,110341
3,125,1,1,0,0,1,2,2,132211